,2020-03-03,2020-03-04,2020-03-05,2020-03-06,2020-03-07,2020-03-08,2020-03-09,2020-03-10,2020-03-11,2020-03-12,2020-03-13,2020-03-14,2020-03-15,2020-03-16,2020-03-17,2020-03-18,2020-03-19,2020-03-20,2020-03-21,2020-03-22,2020-03-23,2020-03-24,2020-03-25,2020-03-26,2020-03-27,2020-03-28,2020-03-29,2020-03-30,2020-03-31,2020-04-01,2020-04-02,2020-04-03,2020-04-04,2020-04-05,2020-04-06,2020-04-07,2020-04-08,2020-04-09,2020-04-10,2020-04-11,2020-04-12,2020-04-13,2020-04-14,2020-04-15,2020-04-16,2020-04-17,2020-04-18,2020-04-19,2020-04-20,2020-04-21,2020-04-22,2020-04-23,2020-04-24,2020-04-25,2020-04-26,2020-04-27,2020-04-28,2020-04-29,2020-04-30,2020-05-01,2020-05-02,2020-05-03,2020-05-04,2020-05-05,2020-05-06,2020-05-07,CRRI
380,,,,,,,,,,,,,,,,,,,,,,,,,,,2.4167508791482044,2.398470290056344,2.3828460007467167,2.370547787516839,2.3610975319394387,2.352788984952242,2.342782400313117,2.3273231086083306,2.302305395269181,2.2639324968076546,2.209419034368768,2.137601168122692,2.0492769025765263,1.947187907413113,1.8355495914116051,1.7194886315557067,1.604454264600143,1.4956434692426837,1.3975602409021262,1.3136586076171046,1.2460909338406303,1.1954390705811289,1.1606197265400737,1.1391563756529155,1.1277558790680753,1.122969383532199,1.1216233519616492,1.1211717373603363,1.1201571191135207,1.1180820494900896,1.1148780339159075,1.110920155988779,1.1069097567604562,1.1036077521759888,1.1017562508425576,1.10135743702803,1.102351234006038,1.1044498004022134,1.1069128018739873,1.1093967019110371,3
142,,,,,,,,,,,,,,,,6.404564526192717,5.833207561516529,5.283461933246486,4.763061775551305,4.290667069184481,3.9194282131119826,3.607869549549906,3.3345104151169025,3.087578294203979,2.8609321549207083,2.6521242097201436,2.4608780577447287,2.2878569100214086,2.1337773577257013,1.9987684438286837,1.8821207274155085,1.7820651428876637,1.695914653720466,1.6203539116650258,1.5518679203993058,1.4870817870333124,1.423038654814561,1.357454931571573,1.28890597676007,1.2171459562436413,1.143409572452008,1.0704484851539906,1.0020989474829967,0.9425100532492282,0.8952931380511969,0.8628325221575905,0.8458641761337139,0.8433941950728875,0.8527059971988069,0.8696619667027637,0.8894070415673012,0.9074362255569829,0.9204952091312525,0.9271963590796997,0.9285038085836453,0.9269282343871229,0.9251266606102834,0.9255181973966271,0.9301647939226426,0.9403867850741573,0.9566722434492534,0.977760332083243,1.0024695183185202,1.0293424645545834,1.0563194773121496,1.0821703901391373,2
194,,,,,,,,,,,,,,,,,,,,,,,2.0562368280851655,2.05714700423514,2.050293343875584,2.03662027917236,2.0179080108523144,1.9969165826294395,1.9763791154258712,1.9586644910078392,1.9453773047953016,1.936875592155675,1.9321299664779257,1.9287431490857745,1.9230883296232797,1.9104198828907315,1.8857782022964409,1.8451951648130085,1.7866467087841642,1.7105020788879624,1.6194635599934983,1.5180928603924362,1.4117343686026027,1.3057201349718275,1.2047922663700494,1.1126873082209199,1.0317608263505988,0.9628718632256631,0.9054639204828951,0.8578403683148891,0.8177048711024649,0.7828654789395674,0.7517930774988254,0.723671468063268,0.6986063576820951,0.6773994311264088,0.6609566068610611,0.6501412813925878,0.6457577216535714,0.6484826013497414,0.6588242173886392,0.6751096135602004,0.6960549209318424,0.7204762366172845,0.7469732427380288,0.7745094258260866,1
222,,,,,,,,,,,,,,,,,,,,,,,,,,,,,,,,,,,,,,,,1.8525409239639476,1.8025865137444614,1.7445388397604427,1.6793907580821388,1.608629558629655,1.5341795563971543,1.4580502885026518,1.3822047674410352,1.308597044189987,1.2390586719810626,1.175232499629109,1.118609890731753,1.070710825214809,1.0330265551589652,1.0068198897739629,0.9932330100270335,0.9926718904710735,1.0040049560894309,1.025051147795513,1.0531151275920567,1.0852006979884743,1.1184330851630615,1.1508038890212784,1.1806397482120934,1.206532094350878,1.2272016141011188,1.2427599728207817,3
174,,,,,,,,,,,,,,,,,,,,,,,,,,2.1147603868691753,2.074078802969345,2.028146146689986,1.975587830780045,1.915102015864,1.8460501994587177,1.7687083144600633,1.6843375080967178,1.5949874836044857,1.5035126900533287,1.4132032779777015,1.3274561794736364,1.2496045800185218,1.1830065303559163,1.1307429267092604,1.0952125986985692,1.0778807320886068,1.0789435489992607,1.097220763357674,1.1300968504446138,1.1739893216532424,1.2246380408322899,1.277293134853881,1.3270651598666263,1.3696191748289388,1.401797717581289,1.421873621903849,1.4295211275071331,1.4253244662395157,1.4107003687872968,1.3874618836229884,1.3573887424320872,1.322305248717242,1.2841793855005361,1.2453448859041423,1.208237564090932,1.173834669017112,1.1428244488260244,1.1156610211611884,1.0923588332422556,1.0731741839844915,2
290,,,,,,,,,,,,,,,,,,,,,,2.7290951756485615,2.6660832702225554,2.5834965233368528,2.483723907540842,2.3704303654294376,2.2485758195673804,2.123920919568709,2.002247139795902,1.8886883642904484,1.7870739821614656,1.6992287336166252,1.6247569818817638,1.5614259344025112,1.5057427730196489,1.4535468910566889,1.4008892292520194,1.3450822907491768,1.2856771091325667,1.2248084390920913,1.1668849228268978,1.117396526278659,1.0813094456770853,1.061824231288491,1.0598004569269583,1.0736203868052803,1.0992684299009923,1.1307314727946427,1.1606802679288921,1.1818230874486246,1.1883543058954626,1.1776409749543606,1.1509432151007726,1.1132606420190945,1.0734710385958088,1.0408575611024877,1.0220292189280773,1.021360280912345,1.041148201847213,1.0812947438348726,1.1392011033304643,1.2095318272783273,1.2865976145179436,1.363922689516967,1.4344671427816915,1.4963210143179588,4
332,,,,,,,,,,,,,,2.7764232821590427,2.7769198224467972,2.7700287640328773,2.7574550158344118,2.741651574304921,2.7247711550972173,2.707712103035732,2.6900930905651426,2.6701435716887643,2.6452785635416913,2.6131685279562276,2.5719829083460026,2.520265232134443,2.457025345494968,2.381992531628027,2.295710944896863,2.199552862869972,2.095656870661328,1.9867157074081694,1.8754823462683672,1.7645147614581227,1.6560662872278689,1.5519926898967404,1.4537561389831388,1.3625759089689016,1.2794768128762728,1.2052861439133262,1.1406941774818702,1.0864056028731524,1.0431706388624198,1.0114172390197478,0.9910129360115691,0.981047988837392,0.9797825905884143,0.9848640633783902,0.9937430946018688,1.004016913994151,1.0135843225152315,1.0208095014914031,1.0248059754175172,1.025628387440302,1.0244886511939135,1.023102830974756,1.0229032565264613,1.0248348491794195,1.0292921007815292,1.0362442160126761,1.045406359171123,1.0562203992889856,1.0680613417312708,1.0800523005044516,1.0908485457191073,1.099814350940359,2
536,,,,,,,,,,,,,,,,,,,,,2.8638005235398842,2.846496263531453,2.8089416537562046,2.7522902646371583,2.67894943881353,2.5923306714501404,2.4964903109263377,2.3957333765316013,2.2940340812320086,2.1945460852771164,2.0992567988451754,2.0088868208373296,1.9231661621015048,1.8414619735342954,1.7632203736114338,1.6882699508220251,1.6169102945800191,1.5497821401747063,1.4876521143739547,1.4311775091219232,1.3808433529870725,1.3367138231036115,1.2981841412193416,1.2639867567012197,1.2324486467852622,1.201800924802167,1.170618582925026,1.1382043885729178,1.1046962749550242,1.0707795126576867,1.0373346951230533,1.0052797955588249,0.9754194147213928,0.9485023191575795,0.9258803330325593,0.9091890140590573,0.8992539247789344,0.8963433005233592,0.9004544667716881,0.911525827541987,0.9295010822425273,0.952710523188958,0.979913675668941,1.009696475298498,1.0398978820935176,1.0691341999557888,2
340,,,,,,,,,,,,,,,,,,3.294506656415331,3.3280245745046386,3.2971701429297067,3.1868558265861617,3.021918922192666,2.8268607317169008,2.620885149332163,2.4196661869032043,2.2350508218331715,2.075030565874809,1.9437283162839474,1.8415108483685523,1.7652659098111287,1.7094303313708992,1.6672952654339486,1.6326727269498171,1.6009989720137905,1.5698406800387414,1.5385029012266807,1.5075433967074174,1.478256631231025,1.452508567788427,1.4327160663954017,1.4216035830095066,1.4216961060824225,1.434562204090714,1.460361365749578,1.4974007411407841,1.5419579415607698,1.5882114355160264,1.6288794947641139,1.6558021664240203,1.6610350095572015,1.6382916425603058,1.5842302187681536,1.4993551962755196,1.3881715992606547,1.2595823969524702,1.1249434200396993,0.9953670782915461,0.8804623843838031,0.7876493899669991,0.7217576314996117,0.6848390554116113,0.6731750573535015,0.6829445413878609,0.7093065254781141,0.7457801370264316,0.7871089175262005,1
368,,,,,,,,,,,,,,,,3.3219552211028898,3.4077497072285508,3.4512151417682495,3.4450188243548636,3.3995883083080627,3.3218121597687857,3.2190585388698185,3.098400431119758,2.9659468401550764,2.8265727002445917,2.684243618775441,2.542180092556812,2.4028981340786766,2.2683170091714415,2.14012025228226,2.0198850465043536,1.9089732229451613,1.8085285854768378,1.7192177948076661,1.6410365223960535,1.5731631739526473,1.5142974000894625,1.463010793087265,1.4178098315648906,1.3772285384241538,1.3399096997066926,1.3046981179176078,1.2706790883267158,1.2373879877845149,1.2047044464388188,1.172746478409574,1.141741824898849,1.1121867384443398,1.0849734510925684,1.0612643174244305,1.0423600885291044,1.0292652084092215,1.0223811955632942,1.02154389351867,1.0267298435451742,1.0378024949868483,1.0539356902566923,1.0739737470007513,1.0966913268412468,1.1207616904171103,1.1449294565493207,1.168450767684226,1.1908305844214337,1.2114407838216932,1.2291253482265474,1.2435148045873934,3
488,,,,,2.5935245735250767,2.5955946317337126,2.5938192155901163,2.587813318948331,2.576866307950199,2.560396601997238,2.5384390723400223,2.5115661013426807,2.4809098545259896,2.447967325233653,2.4142671566393044,2.381013061896677,2.3487753416852364,2.3175209268984345,2.2864397191848167,2.2540936327752092,2.218746914104292,2.178774330706965,2.133042168247618,2.081168174119356,2.023559518552992,1.9611221711235645,1.895037619307177,1.826501381342897,1.756604610598103,1.6862637053144167,1.6162272859682114,1.5471876674853875,1.4798653190255913,1.415113920954166,1.3539606497267898,1.2975098301273065,1.246729339262928,1.202251556142347,1.1641771285624236,1.1320361747197063,1.104890455201089,1.0814301634596386,1.0602420423084307,1.0400177451907489,1.0198102011983436,0.9992184984486155,0.978339696386637,0.9577409540036812,0.9382421899180396,0.9206534091928356,0.9055903008483449,0.8934598942509991,0.8844967350382567,0.8788420483849471,0.877033765565226,0.8796274370312696,0.8866858203142887,0.897938386381235,0.9129989846523019,0.931471748695711,0.9530043058249892,0.9764232752270703,1.000737690281705,1.0249115936196123,1.0475363669913353,1.0681904825750366,2
472,,,,,,,,,,,,,,,,,,,2.0851555190854545,2.1139974776499213,2.1387922044083627,2.1568555596259302,2.166103180738334,2.1655106444577052,2.1550238207920565,2.1349505747777884,2.1059884899936994,2.0688393217720855,2.0239459503274793,1.9714158394625738,1.9114861008600117,1.84491009349388,1.773061862533487,1.69775602286321,1.6209337188754718,1.5442915761676477,1.4688398978541721,1.3950702855592274,1.3229407008961143,1.252006112220295,1.1815245207419527,1.1107683771252541,1.0395799767992542,0.9686174021300086,0.8994656484444858,0.8342745444534171,0.7752159139855022,0.7238742066056356,0.6810349480222482,0.6465556700239184,0.619590660828729,0.5989908511860548,0.5836858992709979,0.5731976139091196,0.5681574629245804,0.5698978519323316,0.5797258536978372,0.5984398892138286,0.6259867131382134,0.6612687227745502,0.702194150666374,0.7464696033343082,0.7919078040161398,0.8361287087098612,0.8764116973212641,0.9109303199094252,2
260,,,,,,,,,,,,,,,,,,,,,,,,,,,,2.05166828595358,1.993290939905646,1.928216551062732,1.858988782001936,1.7887360664137741,1.720810699906559,1.6581969873626379,1.6030564536413976,1.5564545493954434,1.5181730727001628,1.486903374149838,1.4607905784128545,1.4381191696387432,1.417641985548527,1.3986463251003853,1.3809358057258252,1.3644537309277736,1.349141800761668,1.3349659811913595,1.3219493767542925,1.310095313044021,1.2992259204367145,1.2889605683342968,1.2788321199628323,1.2685842305377875,1.258633834409107,1.2501028415302646,1.2458568248351627,1.247681561909844,1.25565946449518,1.2686796966441494,1.2852604904415663,1.3040725286933474,1.3243909448323457,1.3452620709514322,1.3652237909617828,1.382201701952115,1.3930633113322075,1.399180823065922,4
546,,,,,,,,,,,,,,,,,,,,,,,,,,,,,,2.269712479365212,2.244655214132222,2.208010777760472,2.16150465885261,2.1080107398118604,2.0511283269452294,1.9942296524541328,1.9397946592059627,1.8890739932517056,1.8416687037507884,1.7954458605852335,1.746974989184783,1.692346833178289,1.6283196757617877,1.553497946659303,1.4693395337212998,1.3804641722218813,1.293853570091712,1.2175686471576663,1.1592364695582482,1.124660405057968,1.1167645308969023,1.1352101458049606,1.176534635258286,1.234722934897685,1.3031413557810774,1.3747124641661834,1.442579746570259,1.5014602394857124,1.5482742318805247,1.5821364780771339,1.6039240970464392,1.6159638803510552,1.6199213681587499,1.6167565691260755,1.6064227700497968,1.59106057369561,4
348,,,,,,,,,,2.728874248037107,2.7698670006968924,2.8060082419216963,2.835603293387165,2.8577081091401797,2.8721659599464964,2.8796389520607577,2.8813449266258195,2.878327994720619,2.871059454857273,2.859311370266008,2.8421141977567137,2.8179873996499056,2.7855967265152026,2.74429979561689,2.6940810985336214,2.6352489994890775,2.5683234141243734,2.4939008104918208,2.4125837061001034,2.3250389626737364,2.23209079479065,2.1345805381967975,2.0333963941694635,1.9296347563404614,1.8248189069579657,1.7210249401215458,1.6209332517991404,1.5278428619407511,1.4452684756706222,1.37648658580619,1.3240181675323353,1.2892136871911002,1.2718645503758579,1.2700625380934545,1.280351528336803,1.2981207901211769,1.3181280448006405,1.335237562979368,1.3452336619973009,1.3453603797648,1.3346124894352882,1.3137239441697295,1.284917739194017,1.2513373887692094,1.216955483762765,1.18537251768616,1.1589907241491841,1.138998122275516,1.1256010675054569,1.118368689778242,1.1166165024756383,1.1189357712727497,1.1238991153967741,1.1300203822232149,1.1355449303417442,1.1402076042073976,3
382,,,,,,,,,,,,,,,,,,,,,,,,,,,,,,,,,,1.843230941347458,1.8224430017912883,1.7981197991781181,1.7700007198897236,1.7378880214263708,1.7016020352628738,1.6610340984145888,1.6160324290053913,1.5663433765705477,1.5117645514335811,1.452379027056153,1.3888467525396098,1.3228038314170119,1.2570985583599474,1.1957095208500528,1.1431115780823984,1.1034358935943491,1.0796576042157642,1.0729687702784658,1.082508046073541,1.1054532667142665,1.1380810743748242,1.1754830257261677,1.2124260026397755,1.244188520109286,1.267527698731412,1.2809713318736895,1.2849493365229545,1.2814585267761827,1.2722505831410724,1.258732489929373,1.2415117382433374,1.2223992889941406,3
216,,,,,,,,,,,4.125805088244978,3.942286757706103,3.7508456936176104,3.6041095668032135,3.4829924685978275,3.37644121534447,3.279231329952762,3.188248415905673,3.101518398206938,3.0178057646910337,2.9359246320240113,2.854878107894943,2.7739733145919234,2.692660416210606,2.610364235301246,2.5265757398704856,2.4406647000427637,2.352114577917443,2.2607203956400594,2.1668979795608387,2.07171412839537,1.9765508419813362,1.883055547137303,1.792896290715865,1.7076707100812272,1.6288342350230232,1.5573779486146238,1.493629553058567,1.4371210882489933,1.386921580214223,1.3423440142649135,1.3034752365833486,1.2712179519697255,1.2468060540955648,1.2311327394540372,1.2242412375481133,1.2252245006109201,1.2321803572691372,1.2424849011741472,1.2529404285155148,1.2600569232525127,1.2607233692115727,1.2528952877320094,1.236177883900953,1.2121261148322726,1.1836568992951821,1.153838724216297,1.1254208558879069,1.100560858685063,1.0808535901562375,1.0674372533171939,1.0598247580719018,1.0574401478250561,1.0593047552125827,1.0637897903986862,1.0695981221346822,2
233,,,,,,,,,,,,,,,,,1.466800205230113,1.5092390973609031,1.5451927936103442,1.5739590138734687,1.5952370064778338,1.6097866815894475,1.6182865184815247,1.62122446663124,1.6187349274143141,1.6104771381761693,1.5953354511799558,1.571578045750653,1.5370183277356004,1.4899560625360329,1.4301259523239425,1.3592220058275553,1.2809096804782956,1.1999795270561961,1.1214862089379996,1.0496837217725663,0.9871616856411539,0.9342330171047925,0.8888033594515898,0.846629179586587,0.8024821878218751,0.7520640391567515,0.6942586845461703,0.632283258952273,0.5727216893951733,0.5237109301874514,0.49301889407547494,0.4864008324816072,0.5063457481383918,0.5512617022167088,0.6151416081942049,0.6880661831603025,0.7576335739150059,0.8118318179396518,0.8421565999117986,0.8449049279502255,0.8213557133226839,0.7765670943991954,0.718356229634645,0.6557803158441777,0.5982469211383129,0.5486968900458833,0.510362606163636,0.48607291439203415,0.4774216310919454,0.4848017446681444,1
408,,,,,,,,,,6.420972226893678,6.311286754657732,6.205367872018516,6.08934585951452,5.948382249365305,5.770192223724474,5.548782689952218,5.2841413110894475,4.980862396818127,4.64630209608446,4.29454866034109,3.9882823084875008,3.7158732035980075,3.470320943908294,3.24733908276085,3.044176876485609,2.8588723765522803,2.689819141202266,2.535544435580385,2.394546604333342,2.2651925057356426,2.1457293984321084,2.0344247490911047,1.9297345147371259,1.8304555641754026,1.7358013520321431,1.6453928985223178,1.5591702531004212,1.4772689642752528,1.3999651931767816,1.3276146981512695,1.2605593580342107,1.1990329931433328,1.1431302994923622,1.092856132227439,1.0481686673863513,1.0090051853771111,0.9752501264133056,0.9466369187223015,0.9225995806196589,0.9022319159080585,0.8843207892416238,0.8674468431634165,0.8501959573466308,0.8314539094313849,0.8110191640425581,0.7895624724204368,0.7684730179030648,0.7495304960607749,0.734525823615772,0.7249555033264963,0.7219284588018673,0.7247336629227148,0.7328941455626238,0.7457831372987882,0.7621712284313966,0.780811938676621,1
278,,,,,,,,,,,,,,,,,6.468906077826965,6.11594622502412,5.706566609004628,5.276767880229564,4.84477817633939,4.42125973673755,4.066904397807844,3.7725969312748115,3.520725410896815,3.3008134339911765,3.106605898435223,2.9345943546825084,2.7828578970493063,2.6502021117342944,2.535675852714626,2.4380633997634855,2.3555449837362548,2.2855492898290453,2.2248715940144135,2.169566395956292,2.1155746196867535,2.0594292270716705,1.9989467864922184,1.933376714205312,1.8633061182163957,1.790365707390668,1.716564598826779,1.6439233451321795,1.574132322024494,1.5083547048887094,1.4468782537918992,1.3893269398290986,1.3349894405971123,1.283168676502588,1.2333814759627448,1.1854648679582218,1.1395701404293443,1.0959687519384225,1.0555048696175078,1.0195568074947812,0.9892652438487536,0.9651719336902047,0.9472409527890829,0.9351590215668131,0.9287264582730745,0.9269116621733541,0.9289703425242708,0.934129588959495,0.9409551650972602,0.9480197486820535,2
148,,,,,,,,,,,2.6840302443620865,2.666456318326966,2.658447396066156,2.6628067364601518,2.6807228770413243,2.711416516462441,2.7520494806806983,2.79811260306063,2.8440380040158,2.88377670867399,2.91158068330421,2.922908569829053,2.9149427575386495,2.8867888874737795,2.8393784140811396,2.7750709840285976,2.697108963746466,2.609148795605772,2.5149454600518557,2.418085498835898,2.3217217812790136,2.2284213438647185,2.14002814870635,2.057600621980025,1.9814005799792358,1.911020802836713,1.8455443454148768,1.7837731625926887,1.7245242888948602,1.666988066041277,1.611070797238652,1.5574349795015061,1.5073479259253084,1.4622582495845349,1.4234045761842085,1.3914787347129123,1.3664533612879866,1.347478592410245,1.3328755890203918,1.3202154717589185,1.3065663860586554,1.2890775453699255,1.265592828150523,1.2351586424934542,1.198453492804053,1.1572904907038384,1.1142047015312282,1.0718493492889516,1.0325924970356433,0.9983490771618967,0.9705455068955549,0.9491552511579822,0.9339333027590973,0.9241804164522642,0.9185094438392893,0.9157474569506145,2
428,,,,,,,,,,,,4.181882859553989,4.086137432141795,3.9957657591738016,3.909019684992617,3.822567989738361,3.732609854968239,3.6450268625768802,3.565104369578017,3.486310103959217,3.4046937849427903,3.3182308363154807,3.226536377976699,3.1305797263157173,3.0322037353968923,2.9335647861999012,2.836575396030005,2.7425395641354666,2.6519668485597285,2.5645914086961943,2.479534530676463,2.395609326082706,2.3115541928532912,2.2262656021950353,2.1389926380701736,2.0494842383021874,1.958077241091369,1.865671615152208,1.7736572724443382,1.6837988484371165,1.5981102769396767,1.518616846601908,1.4470946959147633,1.3847871360663149,1.3322489855598232,1.2892987389700976,1.2551317703183553,1.2285387184402423,1.2080426841889695,1.1919395739427732,1.1784436961849225,1.1659437771152448,1.1531761419183737,1.139345051721605,1.1244489137145686,1.1089408148716635,1.093337685999578,1.0781583773747072,1.0640463949397154,1.0517981047948126,1.0422621215370373,1.035354891017764,1.0309738187578088,1.028830064375239,1.0281993823788198,1.028831063378825,2
548,,,,,,,,,,,,4.198943591266935,4.051325718378381,3.8903610486223905,3.7277764068505057,3.5977678326568925,3.484731777454682,3.3830314051318733,3.2902668738458987,3.2050224628114488,3.125848883886703,3.0509413721318674,2.978161623384889,2.9053939895053142,2.8311142784924317,2.7547557203293755,2.6766943366367393,2.597984798746714,2.519968408476945,2.443866377296083,2.370465758679393,2.2999615220646317,2.2319591960924194,2.1655371965498396,2.099365864982547,2.0320623442970076,1.9625821484892882,1.8905658311330227,1.8165258269619522,1.7417854382652247,1.6682660635900801,1.59812557027905,1.53341293772653,1.4757861825425156,1.4262938021928921,1.3852605143361294,1.352291285121743,1.3264837877924454,1.3067153480367604,1.2918871170308333,1.2810562918645547,1.2734700646213395,1.2685443768515487,1.2657917186003316,1.2651056918788604,1.2665052216284118,1.2695530053256898,1.2734482219370908,1.2771882871757987,1.2797732311686154,1.2804504267284014,1.2794539173190906,1.2768731368808983,1.2726037327032476,1.2660870597134755,1.2571698523101695,3
264,,,,,,,,,,,,,,,,,,,,,,,,,,,,,,,,,,1.469001987112682,1.4675148362759998,1.462018235174664,1.4498244762535923,1.42787743924257,1.392972709466216,1.342812561564022,1.2768367030153114,1.1969874295311713,1.1079418058468202,1.0163838008717179,0.9298399643006038,0.8550669674739576,0.7971088917402426,0.7587644109989892,0.7404801646853515,0.74065994220868,0.7564174421122813,0.7844769570317532,0.8220167668261549,0.8672488127301057,0.9198619350564466,0.980059944825121,1.0468529166056657,1.1181396671873056,1.1908542202187982,1.2610442098350587,1.3245653305794653,1.3799993970869064,1.4259536752662627,1.4612506270092813,1.4848614855682127,1.4975522051935228,4
300,,,,,,,,,,,,,,,,,,,2.8444060388113783,2.806650558855425,2.765284770613954,2.720784098514621,2.6738380933796004,2.6247406782345055,2.5733847243218335,2.5191979087483496,2.4611500707759535,2.398006566180205,2.3283004883004943,2.2507507003518654,2.16462044808415,2.070038460296809,1.9680080672357119,1.8603191725858594,1.7494940591999153,1.6385270800240532,1.5306247970403992,1.4287892124378028,1.3355299582949078,1.2525872790265336,1.18081028064326,1.1200889326898866,1.0693254895770012,1.0264834183928466,0.9888140826993053,0.9532318937287091,0.9168473355800238,0.8775588991704755,0.8343638097398676,0.7874140370320791,0.737985347304567,0.6884866843712423,0.6422492340251147,0.6030405683078224,0.5749023793087126,0.5611638297676024,0.5632852226147904,0.5810636893145723,0.6130084992951701,0.6567208853818919,0.7091655931325561,0.7664623297591099,0.8253825915558228,0.8830870653777487,0.9368313943027841,0.9853764279147085,2
370,,,,,,,,,,,4.927968463110363,4.9554263768463755,4.886549103485173,4.750455026103594,4.5698046479632435,4.362873138804229,4.142726619920768,3.9288824006198197,3.749987661982434,3.597164979223991,3.4642958004950883,3.346116059070514,3.2376986918739163,3.134407349587517,3.0321926446955034,2.9277251145783256,2.8187230711959814,2.704173044823077,2.5840241257268395,2.4591126618289567,2.330988898174019,2.2018221265264986,2.0740357465232155,1.9500246181318952,1.8319814618604826,1.7216361702315837,1.6200866817445796,1.527755580807705,1.4444515645380533,1.3694721707301234,1.3018879427653267,1.2407736545609636,1.185418442130768,1.1352593366799992,1.0898738728957202,1.0488723584345723,1.011782713774331,0.9781132791466715,0.9473922932303819,0.9191321587934478,0.8928844577064948,0.8685240557463648,0.8464297619090158,0.8275288962970482,0.8135128306028869,0.8063117106494894,0.8071182515167652,0.8163077759722593,0.8335712898476281,0.8580171777675715,0.8881993565462278,0.9219320771730616,0.9573241162879874,0.9925474527201198,1.0255429138710779,1.0551990344952482,2
412,,,,,,,,,,,,,,,,,,,,,,,,2.3216179140641984,2.320004130488908,2.314644640449055,2.3031847148176907,2.283137644511396,2.252008380308159,2.208040606737933,2.1507400067538907,2.0811513492550193,2.0016028039671587,1.915166645438739,1.8253050999254898,1.7354852987286595,1.6488651266197607,1.5680518944471789,1.4948636670399595,1.4302164273443505,1.3741747034255516,1.326118515039488,1.2849908811855677,1.2494147137319889,1.2177685839481904,1.188297090540697,1.1594718369184984,1.1304109188187217,1.1010760777116566,1.071983473659691,1.0439594817131033,1.0180875753534389,0.9957310525502252,0.9785389447267357,0.969280977874036,0.9701188213567632,0.9813412011813962,1.0019501021436663,1.030379734675296,1.0650757377597726,1.1045723479806153,1.1466133715552729,1.1890795827575686,1.2295793664144012,1.265043227772608,1.295481998949551,3
162,,,,,,,,,,,,,,,,,,,,2.555322768098217,2.554440933107815,2.550801920740781,2.542357528552382,2.5267230124120004,2.50141320760444,2.4641587338648714,2.413422839863393,2.3488848096600496,2.271338854676495,2.1826703500540376,2.085638958531988,1.983553390487152,1.8797564613950675,1.7771685622065492,1.6781386788982076,1.584208083674835,1.4960040828753842,1.413316802619005,1.3353764017373948,1.261349367744611,1.1909889443094799,1.1250506086477863,1.0653121222491388,1.0140031797872597,0.9731383853420053,0.9439334992728625,0.9264794998731106,0.9197787875846895,0.9217944209223121,0.9294782033067642,0.9391828695753434,0.9475365355307269,0.9523179011283791,0.9530791623214369,0.9513146178812552,0.9500743559314759,0.9519636785044081,0.958716458625729,0.9711650129312713,0.989251190818875,1.0121273267407256,1.0384380159265616,1.0666840082430602,1.094926601206949,1.120648555633471,1.1415445985641672,3
422,,,,,,,,,,,,,,,,2.9735170617047015,2.972332312053778,2.96590629902019,2.955282929301697,2.9409588938911284,2.9224134517046108,2.8981842460172724,2.8662036374248676,2.824270418070025,2.7704629385613577,2.7034197964101616,2.6224803938876495,2.5277035202772415,2.4195443263462337,2.2990128577068147,2.167875091494748,2.028824893714243,1.8855947715430816,1.7427358884070019,1.6052436815703688,1.4777981421427915,1.3642389513023274,1.2672387728882626,1.1880508048286686,1.1263725867282581,1.0804689288321525,1.04740130929672,1.0234235629755275,1.0045837293546678,0.9873083894441782,0.9688132474942358,0.9471636823075863,0.9214376436047603,0.8918208159383822,0.8593819689948315,0.8258910571792873,0.7935822924000607,0.764798644197129,0.7415559174017698,0.725459198271695,0.7175357347962951,0.7180327966850854,0.7261043697321836,0.739945105054622,0.7571976627349543,0.7754088731243888,0.7933873333703625,0.8101681477576154,0.8249449847130105,0.8367117174208023,0.8444596864035364,1
533,,,,,,,,,,,,,,,,,,,,,,,,,,,,,,,,,,2.096116646879394,2.0819412792940053,2.0647328949191053,2.042775760491328,2.013659312452412,1.9744922491772918,1.9219862153430414,1.8535069235716204,1.7678810442833404,1.6661758895285792,1.5519965992579354,1.4310949693703725,1.3103790122871584,1.1966623004326833,1.0960038656634277,1.0130916516086472,0.9505103459322638,0.90832936521185,0.8844411918323939,0.87516655948086,0.8761483519677506,0.8839080405077618,0.8959876778264121,0.9107368845511578,0.9268978535527832,0.9436379370089999,0.9606280261675963,0.9777251724664999,0.9946514975397397,1.0110540982942617,1.0263251950432595,1.0392396385430238,1.0494644271566025,2
122,,,,,,,,,,3.218774637203058,3.2216548448561433,3.212792397386904,3.1928909845672684,3.1629670579316205,3.1241423386232148,3.077517955576081,3.0246611627568796,2.9674642246948753,2.907707573261638,2.8467980726347877,2.785586550827657,2.7241645722090064,2.6617655002834146,2.5972631802751525,2.529729938705512,2.4586091481378625,2.3836119657078054,2.3048383742599943,2.2226579070225125,2.1375423767156096,2.0502547710641563,1.962054455078544,1.8746959661649971,1.7902039943988486,1.7107160845237424,1.6382679988433706,1.5744592229948395,1.5201971118989976,1.4755470850679147,1.4395412936253624,1.410131875326646,1.3846204137106748,1.360159720579498,1.3342589062824626,1.3052033117940818,1.2723040956880203,1.2359044484051818,1.1971930258592105,1.1580277208785932,1.1205936960753304,1.0869948871397934,1.0589575507311637,1.037765700004984,1.02407659015115,1.0183842934169678,1.0204840635997376,1.0292215039731591,1.0428377275937766,1.0592993672509616,1.0767908415029426,1.0939556931514158,1.110017471839312,1.1242407545528266,1.1359003020788228,1.1439739550443366,1.1487137473303033,3
356,,,,,,,,,,,,,,,,,,,,,,,,,,,,,2.1729134578465676,2.1259544887644086,2.071912269260577,2.01142535259932,1.9460775450755465,1.878457734959272,1.8119796947569502,1.7504062595316954,1.6972206979112923,1.6549301860979915,1.6245170892110135,1.6050021214180488,1.593431916255702,1.5852957469061864,1.5749977291906951,1.556664485004194,1.525431322600112,1.4786478568497103,1.4165555953687292,1.342394730662485,1.2617401873261687,1.1812085306269895,1.1070871205696213,1.0446321957029552,0.9977559253289263,0.9685544746985528,0.9575388223911054,0.9630699744449115,0.9814406101578824,1.0080440743735128,1.0386503138049974,1.0702651735687134,1.101073812719183,1.1298700287300478,1.1556349861977908,1.177505701665486,1.1945276028287493,1.2074324210023741,3
496,,,,,,,,,,,,,,,,,,,,,,,,,,,,,,2.5368109304976794,2.480118155228287,2.4073454757016193,2.3167597538540035,2.207871572596206,2.081854455964024,1.9418103646460931,1.79270785258134,1.6408761242280978,1.4931979220171456,1.3560513997133001,1.2346534223667764,1.1326927811682008,1.0520358455279448,0.9924244984668668,0.9515597964508035,0.9255058022589091,0.9094441951838824,0.8987297144751697,0.8896255085889127,0.8796864451597183,0.8676033924745753,0.8534742335627792,0.8391134302873674,0.827774493349191,0.8244874432739567,0.8333128483475081,0.8558449291685344,0.8916443110543243,0.9389370143901,0.995163097161583,1.0572948576899848,1.121791014531263,1.1849560150815175,1.242932957732573,1.2916703542460095,1.33153890104394,4
147,,,,,,,,,,,,,,,,,,,,,,3.0744373635445466,3.094210191764657,3.09519184576478,3.0755916784773247,3.0336799613870276,2.967869602793887,2.8775707488082554,2.7630726351302592,2.62612720437771,2.4699442955843955,2.2991181710394444,2.1192809404136312,1.9365294005984586,1.7571089121057488,1.5866552945715537,1.4295381305647163,1.2885874882290476,1.1651799378581424,1.059611417967318,0.9715504429688686,0.9003065968828402,0.8448754091153978,0.8037355578229601,0.7748890200822501,0.756208812921945,0.7455113219094824,0.7403366136608087,0.7381146491245398,0.7362428440405209,0.732684386919587,0.7266576087019702,0.7190751143016267,0.7123241199027737,0.7095647190842258,0.7136595576649735,0.726252157750289,0.7477382014786812,0.7771732937531496,0.8127085192400514,0.8519098834053119,0.8924652261888782,0.9320312369808748,0.9683103064019579,0.9992390335148278,1.0239654434074632,2
518,,,,,,,,,,,,,,,,,,,,,,2.8450972077061896,2.780633211441521,2.6983323104399703,2.598330150557241,2.481678378936547,2.350413132991873,2.2071546292409217,2.054762095386486,1.8963291795031423,1.735107279469971,1.574593533150722,1.418487991597455,1.2708120331769135,1.1354487636241435,1.0157875873125033,0.9144521891208133,0.8330625147898918,0.7718409895348673,0.7296223081056062,0.7042496219115907,0.6929925105403594,0.6929555625804775,0.7013734562518509,0.7159758094348462,0.7346962134204943,0.7555710066031611,0.7768416740377553,0.7969661204165238,0.8142438922535455,0.8266189934521462,0.8318355871132387,0.8280591262740392,0.8144803290333704,0.792442634921653,0.764824943540717,0.7354586940291669,0.7081555638348231,0.6860616826655627,0.6714323053857928,0.665724475275536,0.6683755386933878,0.6788439015608984,0.6959904397625415,0.7172394895851126,0.7402581256105256,1
476,,,,,,,,,,,,,,,,,3.3290688808381166,3.400168192919868,3.453110415022297,3.471504925441802,3.458849860531087,3.4185860365825667,3.3532693543564545,3.2670669850942455,3.1650833800941047,3.0525399571185665,2.9339823824687943,2.8130469491994816,2.6924562234396006,2.5741574381073358,2.459323106629633,2.3485109209656385,2.2415907038726397,2.1377478268646604,2.0358049195293497,1.9345712580960348,1.8332333611346532,1.731549732254014,1.6300171611712277,1.5298703453717133,1.4330236552921647,1.3419653783451215,1.259431476494878,1.1879215569891448,1.1292437802465074,1.0842574799840115,1.052718753299496,1.0333306026828857,1.0239277327912697,1.0217555730334806,1.023821759226068,1.0273665876909568,1.0303543004236408,1.0317281680903674,1.0317891005775126,1.0316853887910455,1.0325307333697014,1.035334520368748,1.040902751232538,1.0497209381123482,1.0618778920886727,1.0765944058777894,1.0930676293451864,1.1102607223798624,1.1266798527109716,1.141566837629025,3
466,,,,,,,,,,,,,,,,,,,,,,,,,,,,,,,,,,,,,1.8886463057697307,1.851214561962747,1.8188622107190262,1.793638018691077,1.7766035944953706,1.7677224012442647,1.7657523457456472,1.7681959922101163,1.7716902335445754,1.7728987187070977,1.7692764704361783,1.759695589478929,1.7444396137673621,1.724935990623312,1.7032240170580395,1.6814711636714823,1.6617180477261702,1.645554797955113,1.6342732023814452,1.6282868905414327,1.6264585408501802,1.62675429825506,1.6268419734544755,1.6245581564702598,1.6182907382867517,1.6085012257820654,1.5953040569257095,1.5785548986240783,1.5577287578378807,1.533302680703393,4
176,,,,,,,,,,,,3.363701506352613,3.407534836711134,3.4373407453497955,3.449772869940581,3.4437576209966414,3.419430866769366,3.378294782876604,3.3228971224577863,3.256160761630706,3.180987178782273,3.0999150228258854,3.014542526881523,2.9256141876673,2.833264882868953,2.737649891660751,2.639235186624117,2.5389200698919407,2.4380802439775917,2.338228033364415,2.2407064537636563,2.146581065905631,2.056621487872894,1.9712358840836728,1.8904796289873662,1.8141401925107286,1.7418736684683511,1.673253289858338,1.6079280246403527,1.5458305045702847,1.4872869679325897,1.4330224288594895,1.3840871234820318,1.341643962695707,1.3067316625781433,1.2800539013009573,1.2618528136329992,1.2518632785012658,1.2492499390762362,1.2526532347429706,1.260282982022322,1.2701656875284348,1.280439324291578,1.2895888789984724,1.2969137095092886,1.3021479576628654,1.305077461706664,1.30555978958737,1.3035506957949334,1.2991042450678818,1.292440074891072,1.28432686150007,1.2752133804083576,1.265211034823005,1.2539107999576813,1.2414811345934458,3
522,,,,,,,,,,,,,,,,,,,,,,,,,,,,,,,,,,,,,,,,,,,,,,,,,,,,,1.8835735092746322,1.9053416588877061,1.9079947105977646,1.8871638234265802,1.8416631075980179,1.7727577435554775,1.6838319349471162,1.5802389866874151,1.4691846942457774,1.3563771690319348,1.2462301302809802,1.1423805793403223,1.0476451225569157,0.9645184464257417,2
209,,,,,,,,,,,,,,,,,,,,,,,,,,,,,2.6029510850111013,2.5734871864294413,2.5367362148611683,2.491786458675808,2.4379575050079234,2.3750355307323017,2.303505258673153,2.224710030692855,2.1407431808971187,2.054232983311384,1.968013456519275,1.8846526392682645,1.8060474579794388,1.7332162609365276,1.6662898115810587,1.604710263360332,1.5475140587734308,1.4937041069852417,1.4424590862834148,1.3932406590204718,1.3458427801371118,1.3003733412056437,1.2571154561445825,1.2164087935125927,1.1786783625843789,1.1444249873154688,1.1146813461561988,1.0905700634473459,1.0727595463161965,1.0615836067602025,1.057011450267185,1.0586838164011438,1.0659438243129409,1.0774213519432831,1.091857907428358,1.1078887438454683,1.1237386504298592,1.1385217961914602,3
424,,,,,,,,,,,,,,,,,,,,,,,,,,,,,,,,,,,,,,,,,,,,,,,,,,1.6447178150131347,1.599531712462917,1.5496718302893384,1.4941739660206643,1.4315791617508522,1.3605170501466946,1.2806554966237245,1.1932907928637553,1.10086824542441,1.0065791482063595,0.9139946174990936,0.8270723780914194,0.7475887950092431,0.677423030994608,0.6183757276711648,0.571627484870655,0.5367598721751098,1
258,,,,,,,,,,,,,,,,,,,,,,,,,,,,,,,,2.0225462159963246,1.991768446899777,1.9599547869270852,1.9291056286880934,1.9010867027539406,1.8772674145800214,1.858057680460878,1.842513637268769,1.8281597972403851,1.811639320199141,1.7894367372445554,1.7584118480115554,1.7163885733617132,1.6627768784200831,1.5989449574595036,1.528036402970111,1.454653234987511,1.3840743854862725,1.3210752555331804,1.2691119705233826,1.230127290312853,1.2047019465074005,1.1921638296489818,1.1915161243948298,1.2008796603715135,1.2172968810498543,1.2376682607726806,1.2595093553800827,1.2813161687815517,1.3021887610883298,1.321590996981009,1.3389058054024927,1.3533105888102999,1.363530355904395,1.370223722783381,4
294,,,,,,,,,,,,,,,,3.2808087411173315,3.3593632001560345,3.425147371685927,3.481138539285603,3.5024924805373843,3.4890125536049954,3.4525760199334647,3.39317009008856,3.3124824488725944,3.2134208533963307,3.0996811199903305,2.9751673633623925,2.843557758008272,2.7080737472053737,2.571373453599537,2.435490407137172,2.3018610994469038,2.171338028131436,2.044311165202165,1.9209583449282803,1.8015776785798012,1.6868604847041484,1.5779835182692779,1.47650851407388,1.384185055619081,1.3027103117888181,1.2334631001228513,1.1772512553517096,1.1339953515617722,1.1026009861405457,1.0810020493294348,1.0665907167193827,1.0568397475007945,1.0499072120633166,1.0449005052549034,1.0417682175311909,1.0410070562686158,1.043366125113373,1.0495659781090105,1.06056060535249,1.0766800173480222,1.097102519062015,1.1200969192284338,1.143402990516467,1.1648493537020044,1.1829272001165256,1.1975263139232282,1.208528280104918,1.2156643789227695,1.218164091393162,1.216418687129446,3
320,,,,,,,,,,,,,,,,,,,,,,,,,,,,,,,,,,,,,,,,,,,,,,,,,,,,,,,1.9226585948805182,1.9599287825928484,1.995622822831727,2.0280718917628024,2.055681764204655,2.0765385473276696,2.0884906574431383,2.0926068664464528,2.0886845758984465,2.07604714024805,2.0537806008177806,2.0235570210563036,4
350,,,,,,,,,,,,,,,,,,,,,,2.5470636511083087,2.571752708862418,2.589927314785897,2.5959524103631253,2.5847267957685514,2.5523543619581543,2.497433822508529,2.4212672053157163,2.3276042574827045,2.221697456819108,2.1097160019800443,1.9980328091100688,1.89215343388703,1.7961385922377824,1.712379438172624,1.641866899212089,1.5842523794799657,1.538037189204057,1.5011451229496775,1.471491782803877,1.4472840480132196,1.427131390403607,1.4100163475460024,1.3948772920007657,1.3802417536456766,1.3642409205113444,1.3451786653412352,1.32194737634781,1.2941213609930438,1.2619104426156813,1.2261124915982136,1.1880146057077343,1.1492315914049198,1.1120084553913605,1.0786997426471048,1.050864735398809,1.0291363827383067,1.013559285182739,1.0040572379363693,1.0007813066411386,1.00245032150581,1.008069102116094,1.0166530583799696,1.0268051468520367,1.0378494364895692,2
178,,,,,,,,,,,,,,,,,,,,3.309926326291077,3.202395221842701,3.0909234329978488,2.9815029185057678,2.8779234489447854,2.7824715855368125,2.6961882244849935,2.618585622086466,2.5479303197928505,2.4816392749392038,2.416763623313554,2.350229653684467,2.2793926765844543,2.202456812593215,2.118791347573528,2.028950962789186,1.9344409498148072,1.8375135875825912,1.7407091572809905,1.6464383428748683,1.5568264566547974,1.4738442341323157,1.3992968630044593,1.334665062324819,1.2808472093420284,1.2380676197008662,1.2058450176871855,1.1831896915817635,1.1690382856228394,1.162402902314108,1.16222221125114,1.1672419390338171,1.1761416341422533,1.1877100728188834,1.2008985048909853,1.2150639966605141,1.229441040904058,1.2428793611880131,1.2539294228590077,1.2611874734593127,1.2636341142242205,1.2609030365624894,1.2540746762184798,1.2438839416026437,1.2307465207768613,1.2146333242301748,1.1961420431131364,3
515,,,,,,,,,,,,,,,,,,,,,,,,,2.26742111068362,2.229289713681289,2.1878017679990087,2.1437567547236176,2.0979896292048767,2.0510990092000987,2.0035986553585166,1.956121368636484,1.9096078710776996,1.8652413419366316,1.82442449034343,1.7885517944877973,1.7585715631019498,1.734634836382493,1.7159872436592747,1.7010507402121144,1.6874540024485891,1.6723548745879886,1.6528914510518586,1.6266711724773917,1.5922870996841063,1.5497214165108282,1.5003575311326183,1.4464913217915258,1.3907380893500492,1.3354333218348813,1.2821175638434217,1.23137957265806,1.183245860524929,1.137750420255741,1.0960135735573329,1.0598276368817003,1.0305474744215044,1.0093720835074271,0.9973539981295348,0.9953807645917249,1.0041109342788526,1.0216859454813516,1.0463846795791945,1.0759945262072195,1.1073182419032426,1.138462255955183,3
316,,,,,,,,,,,,,,,,,,,,,,,,,,,,,,,,,,,,,,,,,,,,,,,,,,,1.9599704963913318,2.0142315814387897,2.0495270732289415,2.0569665879170986,2.0313849478359676,1.9721477887987156,1.8830687255167078,1.7713286040798446,1.6465300073513813,1.519207426744794,1.3991322030169382,1.2898247710547261,1.1946515927073764,1.1166704483919316,1.0579868443408562,1.0199948376161148,2
168,,,,,,,,,,,,,,,,,,,,,,,2.20433415439978,2.2132552867444226,2.2103310746639253,2.1945622952354786,2.1659872205965898,2.125730117659307,2.0757945750965505,2.018609015835456,1.9565330308623334,1.8914654421054848,1.8245833903947155,1.7563866092585114,1.687045642247742,1.616924098847289,1.5470671525739486,1.479651686316255,1.4179555832587334,1.36574865569129,1.3264620131786162,1.3023328446552571,1.2938048459927283,1.2991688658046907,1.3146348180021732,1.3347575341734583,1.3532174098236527,1.3637747251790637,1.361581429935916,1.3441175769533702,1.311415136495048,1.2657798766760646,1.2110793777268407,1.152043789475184,1.0938216201878737,1.041498087671148,0.9988073714713439,0.968132363673753,0.9504325644178316,0.9454593566946685,0.9520508210028125,0.967260601208482,0.988699862644264,1.014225186308041,1.0416290391488516,1.0691887111419147,2
218,,,,,,,,,,,,,,,,,,,,,,,,,2.4389960828530453,2.389290563807202,2.3224234401402386,2.2376146569626454,2.135849270693939,2.019983229129529,1.8947002307074583,1.766224031701752,1.642032814157938,1.5300705407707451,1.4376633896067645,1.3705129783187853,1.3319349341521018,1.3224318088913112,1.3395783342833676,1.3784570534130796,1.4326281504847314,1.495332967981211,1.5605272464603863,1.6237105557222606,1.6821138622569576,1.7344009133030662,1.7801332785315487,1.819542651508577,1.8534536528111207,1.8829182970673486,1.9088051868955254,1.9315960058311057,1.9513953036571983,1.9680235621137905,1.9815360937795556,1.9916885562702942,1.9973464366079543,1.9968102830231838,1.988252855752778,1.970288388023777,1.9423755418264967,1.9070975098733547,1.8661962396904095,1.8207866245615094,1.7712797620138105,1.718893427627955,4
420,,,,,,,,,,,,,,,,,,,,,,,,,1.978894577941897,1.9736527644204018,1.959754506213916,1.9350545639628556,1.8983577673621235,1.8498746364735734,1.7910847142385338,1.7244592694272383,1.652855373885119,1.5789371802617358,1.5045422849224896,1.4305207782763434,1.3568684057799343,1.2831954945352682,1.2094412329250843,1.1367632691937983,1.0683119593153092,1.0090839793466002,0.9652148529734982,0.942877652213847,0.9468610696444129,0.97946795771887,1.0400838135368649,1.125249815076743,1.2291033044436155,1.3440444247413446,1.461828606004325,1.574889748236683,1.6771586358777333,1.76450223188028,1.8351383271512156,1.888836134973111,1.9254796806624006,1.9452628426306082,1.9489095391040607,1.9378085861032854,1.9139896559652472,1.8813659148329758,1.8426949394222956,1.7997440263658893,1.7532930785535012,1.7044562784884436,4
512,,,,,,,,,,,,,,,,,,,,,,,,,,,,,,,,,,,,,,,,,,,,,2.7750405901715656,2.894832651663197,3.003701498869402,3.093633315956124,3.158402523453088,3.193310562164565,3.1960340342761584,3.1661887586421753,3.105250596776743,3.0160107215673984,2.9022085262028585,2.7685327083560187,2.62040884886669,2.4632001609368532,2.3018613117486644,2.140836930922619,1.9841939006569553,1.8358173787411298,1.6982309909712727,1.5730224561695454,1.4607239852128886,1.3608685830450598,4
312,,,,,,,,,,,,,,,,,,2.716289650704307,2.7039305373477607,2.6869477213060873,2.6648147865547505,2.6363734821438287,2.6002358711930205,2.5551711914238537,2.500491187677951,2.436116901846783,2.362490038230086,2.2807136737611904,2.1924843677545724,2.1000303145864962,2.005826156436619,1.9123111826399077,1.821484821518884,1.7346562466061397,1.6523649726411953,1.5745002855503258,1.5004262374203867,1.4290000677423467,1.3589720045855136,1.2893770324562437,1.2200909177233576,1.152128539887038,1.0875789817896986,1.0292090675757828,0.9797685670928691,0.9415261785590876,0.916008354141707,0.9039076004124428,0.9050446941331716,0.9185707324797909,0.9432929960793693,0.9781097142525919,1.0222897020574988,1.0753815942558829,1.1374620401171958,1.2078814587591815,1.2840543001769589,1.3621959695419634,1.4378940232574449,1.506669227322119,1.5645116838724962,1.6110668580810192,1.6457068817097034,1.667779943269028,1.67662202872752,1.6736976031161577,4
556,,,,,,,,,,,,,,,,,,,,,,,,,,,,,,1.9717369529301565,1.9156238271253316,1.8546562040040977,1.7890872487914395,1.719017166070697,1.644530107669522,1.565972426148628,1.4842469209129574,1.4009287580849146,1.3185592722429813,1.2406679436399808,1.1715397365140026,1.1154992383396996,1.0759827000392022,1.0546753309219141,1.0509649245060835,1.0619856342730003,1.0832208437447315,1.109184479761954,1.1343304474334153,1.1539986002581009,1.1652146863316384,1.1671371544368132,1.1608852265394005,1.1489136269201061,1.134155273955242,1.1190492420946607,1.1049742559922875,1.0921880700886262,1.0799708418433094,1.0672488736173822,1.053351399114306,1.0384653421317973,1.022506075443182,1.0052322618015168,0.9863961236243104,0.9661938411979276,2
150,,,,,,,,,,,,,,,,,,,,,,,,,,,,,,,,,,,,,,,,,,2.2563603073603624,2.237466474632911,2.2064817068515183,2.164723849221534,2.114457975241349,2.058935307842754,2.0019326700703783,1.9468622563946991,1.8960311613591685,1.8501940793339844,1.808657268178943,1.7697785273658924,1.7316902660234714,1.6931820794758916,1.6538468184954438,1.6133117466811242,1.5717144453991319,1.5300677933712168,1.490154789240373,1.4541956179733915,1.4228648402287183,1.3965186115468815,1.374946520887399,1.3572027667000393,1.3427790576842522,4
336,,,,,,,,,,,,,,,,,,,,,,,,2.4394023237514477,2.423300745630653,2.3818028383449126,2.3107866508857082,2.2095062716336615,2.081574239625888,1.9348974594101762,1.7806119249492438,1.6307355018085177,1.4965164182954722,1.3868862722001714,1.3074064991088046,1.2594536535606486,1.240051293436746,1.2418983146285592,1.2540475375867806,1.2641706253399885,1.2610206520714147,1.2366947674810058,1.1873618415210057,1.1137663675967076,1.0208651530840924,0.9165785112880435,0.8105648500137271,0.7127525608416972,0.6318942941238394,0.5745938507547936,0.5448115721202664,0.5434000892336461,0.5685082411188007,0.6164200877842656,0.6828612809769682,0.7644504157940716,0.8564784077540241,0.954327265981787,1.0539096393843363,1.1514454258683553,1.2436478380478055,1.328988097097429,1.4059131537859828,1.472486070570126,1.5264991623149606,1.56637752995446,4
170,,,,,,,,,,,,,,,,,,,,,,,,,,,,,,,,2.0814288444588285,2.0359951514860555,1.9867384578588239,1.934367052743831,1.8800097508656317,1.824976126348788,1.7704616855004254,1.7174074712292764,1.6663874894274413,1.6173025814199633,1.5687903579868714,1.5184001489457204,1.4629124030316354,1.3992180909144964,1.3251086354720991,1.2402421950900289,1.1466124557061732,1.0480878988301587,0.9497953721243804,0.8574015068028212,0.7763365901625696,0.7106442033096146,0.662544723676254,0.6321461259727444,0.6184441741255009,0.618775017938573,0.6295539875744929,0.6472002511726638,0.6686996450054625,0.6922097696824966,0.7161228726545077,0.7397362797911895,0.7626931711963735,0.7845700192280631,0.8039357412400308,1
318,,,,,,,,,,,,,,,,,,,,,,2.639575376321223,2.76104351429323,2.856327060679733,2.9208101098047177,2.951906355785118,2.9473390624355544,2.90519617794569,2.825430814940066,2.7112998984452443,2.5688912889788105,2.406253660578637,2.232196701345568,2.055077121666242,1.8819404995364022,1.7179373844753516,1.5662063903439751,1.428198546805053,1.304099837627415,1.1933279901096416,1.095134323592256,1.0091182021058098,0.9354303850330726,0.8745539784410016,0.8267874167565131,0.7917059581622166,0.7677817317004481,0.7524279689432912,0.7423802287883587,0.7342284316325486,0.7250693034150686,0.7131464403324963,0.6983469827535391,0.6822300393957254,0.6681581414537636,0.6597927415196178,0.6599114414589442,0.6699489527863121,0.6898917146539069,0.7185063582190651,0.7537700488647558,0.7932004539298194,0.8343887827502565,0.8747540118247226,0.9112948262131557,0.9426165705467836,2
406,,,,,,,,,,9.795267982097908,9.16346094398067,8.523123995127024,7.8829726861517155,7.251742855085996,6.623071954992569,6.012173932865397,5.428641851871928,4.878671531474386,4.413135193187335,4.035152371311677,3.7266506905070638,3.4753558749716498,3.2719408894874453,3.1084297750487937,2.97733116531438,2.8710189642820207,2.7813474433193233,2.6997615926866647,2.617673338863667,2.5275929708574414,2.424056443326683,2.3042625585449463,2.1679101075921023,2.016692635732235,1.8537988503014848,1.6832155156869704,1.5094409561356485,1.3372375878999028,1.1716159631646557,1.0175077869268787,0.879325894478593,0.76055951022081,0.6633658888035717,0.5883558512569734,0.5345629208458088,0.49963459459181114,0.479911167071886,0.4709700836263886,0.46834333588164084,0.46845040053485926,0.4692649118519369,0.4704927726300677,0.4733890158769619,0.4799661201322731,0.4928531650597842,0.5140746786354853,0.5444730950609773,0.5834836660753946,0.6292700422953396,0.6791701013001006,0.7303158892432231,0.7803769390270426,0.8274611804004217,0.8700802487613979,0.9066628383845038,0.9370920635781914,2
384,,,,,,,,,,,,,,,,,,,,,,,,,,2.90805991591433,2.8504010056429068,2.792573545697721,2.7328999432546257,2.668653683933219,2.596665245811558,2.5139226309717784,2.4186774558612214,2.310312743068268,2.189775942411329,2.0596975465302063,1.9241345021722598,1.7878946517319503,1.6560274810495055,1.533207749314045,1.4232896868376623,1.3289356041479483,1.2513573706754813,1.190132171143553,1.1433491231713526,1.1081187966665316,1.081388260517993,1.0606490598098537,1.0441865286776142,1.0310727010749603,1.020955726999078,1.0139043613411451,1.0102075404501296,1.010141146870116,1.0140701804476662,1.021864452156973,1.032649411314517,1.0450490941973403,1.0575277111690387,1.0687704754504295,1.0778652689843853,1.0848513596241136,1.0897154333323114,1.0922847544039305,1.0920173295359532,1.0890272218178525,2
438,,,,,,,,,,,,,,,,,,,2.990971236384431,2.869720325800688,2.750185431354708,2.634199264806443,2.523082281776026,2.417064292056721,2.3154527941350525,2.2168684134165098,2.1196428839761055,2.0222188603961517,1.9231681073689713,1.8213447148553883,1.7161888850852474,1.6080738732710345,1.4987120186047989,1.39120776216878,1.2896807601696683,1.1983075990146497,1.1204033852125574,1.0579246479147766,1.0112968161894675,0.9792997457965078,0.9592103673926115,0.9472367144778313,0.9392780628265315,0.9317919870412935,0.9225657255032047,0.9111221680211278,0.8985232726536032,0.8867767015861993,0.8782242839074507,0.8751362225193485,0.879328210481679,0.8918884983769301,0.9129366319009286,0.9419421141708796,0.9779525819337306,1.0209547545936253,1.0694609087234934,1.1213077727531622,1.1741601440493807,1.2257007918393161,1.2740469795710605,1.318414928265974,1.358160844693737,1.3923429032973504,1.4195986774844271,1.4377043348398257,4
521,,,,,,,,,,,,,,,,,,,,5.223766850957292,5.123163114009891,4.97271644516027,4.779283123914875,4.545812700907316,4.276330472981816,3.9987776218294346,3.7497200289828796,3.5166700163746625,3.2941744560098365,3.080733796257645,2.877003865418597,2.684629959562828,2.505285986281385,2.3400333696148716,2.1890378018362058,2.0516028507705935,1.9263628814653997,1.8116660226027814,1.7060898832468803,1.6088595011612399,1.5200823053278056,1.440789218647201,1.3725590214090768,1.316849346015624,1.2744621135463703,1.2452983047506037,1.2282891861715772,1.2213268505544843,1.2214061300122188,1.2248704323021258,1.227703575590167,1.2260386584068081,1.2168386103629116,1.198349913468957,1.1703737913836854,1.134148054624609,1.0918796575676772,1.046307681757347,1.0003991685894376,0.9573162711224985,0.9204201685594054,0.8902774978135197,0.8672964642873975,0.8514866385799348,0.8422141095940556,0.8386409244304218,1
266,,,,,,,,,,,,,,,,,,,,,,,2.4568423672097364,2.41327015005646,2.364232287056664,2.3091020937848388,2.2475923231048234,2.180073908931911,2.1077321292944307,2.0324106537836486,1.9563438391173322,1.8818266632189027,1.8110154035744153,1.7458793286623768,1.6881353886001331,1.6391074525601854,1.599657828724392,1.570241683792029,1.551094984589574,1.5422997293301732,1.5437089723989617,1.5546362510547025,1.5735749991517123,1.5981215386984142,1.6253123845783473,1.6521066384783507,1.675769836812644,1.6941301291008921,1.7056287794687963,1.7094539661829617,1.705484747265155,1.6942435707187091,1.6765996964721996,1.6534185601521767,1.6255789880765925,1.5936027286179006,1.5578213712036129,1.5185517625774518,1.4763433116229374,1.432070856468424,1.3871270948227625,1.3429261356435735,1.3004435599868245,1.2603369761935668,1.222835238967676,1.1886162793189625,3
474,,,,,,,,,,,,,,,,,,,,,,,,,,,2.476497534402701,2.4563859337038627,2.425144115693951,2.3831944102964986,2.331621610453923,2.2718587393969254,2.2053278265793,2.133271261161969,2.056633982397439,1.9761839365448062,1.892685587447318,1.8070931625023317,1.7206853454877031,1.635241480354106,1.5531418126042251,1.4770428290856623,1.409337622028967,1.3516885795469085,1.3047566394313375,1.2682239523097913,1.2410145725148742,1.2215830994172057,1.208054781977561,1.1982560503867439,1.189941203943047,1.1811237520996205,1.1703203082410816,1.1565205646597971,1.1395257132065126,1.1193416999538277,1.0962748323601863,1.070826739605838,1.0438035453462071,1.0164733959832446,0.990563675329234,0.9668170223452774,0.9457548754579812,0.9276271961724001,0.9121416166617338,0.899607526421132,1
310,,,,,,,,,,,,,,,,,,,,,,,,,,,,,,2.144250811533359,2.073952051353614,1.999694001718987,1.923236537291628,1.8468689742345699,1.7734161171400313,1.705939582162046,1.6473290176458686,1.5999530022062476,1.5651874569259556,1.5431574655009477,1.5326857400322564,1.5313130910708723,1.5355089197220766,1.5411544545933937,1.5442335023573488,1.5415523049012758,1.5311420018085242,1.5125191702495633,1.486649211200507,1.4555774137969837,1.4219193988459533,1.388459516931577,1.3578012954260084,1.3320388816621382,1.3130061225908,1.3014984207380045,1.296904446907879,1.29757391568947,1.3013516785479187,1.3061573879652182,1.3104135813077928,1.3136446669762782,1.315265711483188,1.3145388304739953,1.3103515608035226,1.3029520526550324,4
330,,,,,,,,,,,,,,,,,,,,,,,,2.7333081996811748,2.747427337365821,2.742824116695925,2.714772943247735,2.660399472616553,2.5793681930118284,2.47370650966772,2.347450636281617,2.2061776682451026,2.0562310514508764,1.904084890940003,1.7556645247528442,1.6159168920668534,1.4885045032998163,1.3759072972147985,1.2796079768369844,1.2003732657905073,1.1383370590034114,1.092994549350074,1.0631346015304237,1.0468158791161508,1.041658184972999,1.0450149532421358,1.0542009667857202,1.0665816921064022,1.079798378724609,1.0918537236623116,1.1012007274488922,1.1068225427902405,1.1081258440430677,1.1046474094506389,1.0962924241298897,1.0833477403186764,1.0661167282862916,1.0450342373427874,1.0209865715108941,0.9957646055781404,0.9721677061104339,0.9509300368209017,0.93277335539147,0.9182510955998219,0.9073193553255401,0.9001642635512224,2
220,,,,,,,,,,,,,11.787331349847143,11.2690502374912,10.714596866365083,10.070867023246254,9.367404971972158,8.635903750571696,7.901102415341013,7.182402550949524,6.492026360725718,5.837913161119127,5.224772452555562,4.681348628964666,4.236667797078438,3.8664281522459807,3.5528467835307627,3.282436929270307,3.0446546901800415,2.831109116885066,2.635233861723947,2.4521674100315463,2.278616917242958,2.1126843555626342,1.9536510217877523,1.8017276748812567,1.6577148544539055,1.5226922827775795,1.3977948763986756,1.2839715871730255,1.1818409809936714,1.091694705399637,1.0135910360386713,0.9473438038983372,0.8925182453519499,0.8484962071442164,0.8145188677933872,0.7896559004899333,0.7726686130961352,0.7620072625465841,0.7557351219471211,0.7516862136514012,0.7477721975044864,0.7423198605501218,0.7344543359550014,0.7237797203672608,0.7107575682611725,0.6961068794801046,0.6805841909061473,0.6648694314685761,0.6499544766594907,0.6364577404258641,0.6247464350795374,0.614848658203689,0.6062990760747488,0.5987274816909978,1
378,,,,,,,,,,,,,,,2.660507601763497,2.6159745942540127,2.5666469984578764,2.5131618614294555,2.4553658145642268,2.3929436027466426,2.3257236986339076,2.253826977541124,2.1776176000822645,2.097772764118979,2.0152767583676825,1.931342915362857,1.8475949461679244,1.7661947642755496,1.689898864338116,1.621612392827968,1.5638186883352212,1.5181217044498774,1.4848447090002757,1.4630817417274358,1.4509540041993023,1.4460740756372965,1.4458857410820822,1.447865663832017,1.449762980291058,1.4499974553002708,1.4478270051461324,1.443206962033742,1.436543319622935,1.4281804116982295,1.4183487215174204,1.4073385779698597,1.396038747671091,1.3863068447934215,1.380784312885544,1.3823703199150221,1.3935177814207755,1.4157600014229337,1.4495082504067411,1.49398418746004,1.5477843856859501,1.6083360533557154,1.6708367184020536,1.729836143232337,1.7805060308943887,1.8194816768487276,1.8451978349639302,1.8593568768294026,1.863070572780859,1.8568715997353797,1.8405798872970462,1.8157790020309126,4
244,,,,,,,,,,,,,,,,,,,,,,,,,,,,,,,,,,,,,1.6620654037888842,1.6484292762919266,1.636507562369065,1.627427201206931,1.6221788646755915,1.6215137080508586,1.6257873130862457,1.6348181195104468,1.6476252681004868,1.6624811805451747,1.677095634471701,1.6891179620897516,1.6964973719982335,1.6976203044641736,1.6912778914154865,1.6765039631823755,1.652663372412989,1.6196138392885835,1.5785181525801752,1.531408430161352,1.4806644105144462,1.4289009218862054,1.3787843740444172,1.3328840073273236,1.2934944135542692,1.2609031772108075,1.2352568406848659,1.2163131722503977,1.2029553386115577,1.1946933712382182,3
462,,,,,,,,,,,,,,,,,,,,,,,,,,,,,,,,,,,,,,,,,,,,,,,,,,,,,,,,,,,,1.2681066279485982,1.2970900769901705,1.3265293739908621,1.3551497563601131,1.3811161404446106,1.4020283812329364,1.4170023123989746,4
298,,,,,,,,,,,,,,,,,,,,3.1864162602279693,3.0762191506855396,2.956269870281251,2.831868058679629,2.7069737924769837,2.584541734715868,2.466958255560216,2.355711544438115,2.251388710343671,2.1538982818397776,2.0626669963235766,1.9769680761103876,1.8961190073753682,1.8198507168985785,1.7482980492434161,1.6818236671035485,1.6207545262406928,1.5652253727554908,1.5151425928185829,1.470201418722967,1.4301138408738256,1.3946777698628798,1.363688579004781,1.3367446224300632,1.3132509201849727,1.2925134427084628,1.2738119822465477,1.2564722269526525,1.2399674138417058,1.2239667438147857,1.2083025912203151,1.1930384889719725,1.1785676096872844,1.1656232132178719,1.1550922992628507,1.1484119298026971,1.1465944647499122,1.1496849699173532,1.1569886979973834,1.167393594936315,1.1797289058490503,1.1929305135165782,1.2062431250496406,1.2188132675769094,1.2295989216522776,1.2370998019092043,1.2414212831741298,3
339,,,,,,,,,,,,,,,,,,,,,,,,,,,,,,,,,,,,,,,,,,,,,,,,,,,,1.8082618661266467,1.8441196470466155,1.880671276418193,1.916980321435966,1.9511737329218937,1.979818487232636,1.9994774894874074,2.0077023145444235,2.0034328839505164,1.9869107927596341,1.9611701452859467,1.9282873326249372,1.889587562815671,1.845662176798302,1.79816666439103,4
456,,,,,,,,,,,,,,,,,,,,,,,,2.2275493484549025,2.2061356847206026,2.180552676078267,2.150869025805461,2.1169198365017268,2.078355044123985,2.0345793327011354,1.98492988006517,1.9293929899105942,1.8690844558061679,1.806115456339104,1.743132342249137,1.6827016546442541,1.6267068443289867,1.5758555396088194,1.5296627728841328,1.486627061310496,1.444434272931494,1.4006686576320164,1.3538034905363738,1.3037418016271474,1.2517625070957477,1.1999811610886477,1.1507508134364342,1.1060786386016142,1.0673524404296593,1.035509439496177,1.0110293143503684,0.9937276223174009,0.9828360009541302,0.9773405113695242,0.9766210780219297,0.9802337936187184,0.987691815589927,0.9982593143606988,1.0106438142927658,1.0230614504314801,1.0338737044686013,1.0428019634257606,1.0496082367109583,1.0540127130222425,1.0553886068382865,1.053564494248944,2
106,,,,,,,,,,,,,,,,,,,,,,1.9830561931075,2.012621164255025,2.0413825608045384,2.0671127761551746,2.087603353232776,2.1009385442421773,2.105756072867565,2.101267258043313,2.0868729005453996,2.0621661405297442,2.0268590884232824,1.98103063466779,1.925133064858945,1.8601046039171931,1.7872909204034482,1.708069027031199,1.623868882452463,1.536103694524425,1.4465313429758233,1.3574237869520036,1.2716624332966682,1.192472024093637,1.122660214148998,1.0641298310454668,1.0176880446622985,0.9832446513422948,0.9600482065291146,0.9469022853963477,0.9423857343406458,0.9450777265681072,0.953770438844082,0.9677203290295393,0.9867024468537299,1.010898676673291,1.040112503821387,1.0730609661088149,1.1076534200552899,1.1413877560507493,1.1717565819016544,1.1968744710079542,1.2167133205974545,1.2311667826055943,1.2400431611536205,1.2429409324092282,1.2403437449988486,3
238,,,,,,,,,,,,,,,,,,,,,,,,,,,,,,1.912578165000424,1.9125452049129568,1.912165631489031,1.9097611333700881,1.9040133295093076,1.8940994484938765,1.8795600332014704,1.860298469116002,1.836461731947464,1.8084580376674915,1.7769717270601573,1.743032155477319,1.7076766899610176,1.6716817687795535,1.6354546336245774,1.5991759578330478,1.562992914343927,1.5271253660734614,1.491901367252458,1.4573850278398413,1.4231350515618904,1.3882998793637469,1.3519604429161367,1.3134024901034693,1.2724746681388646,1.2302451400997731,1.188823789758111,1.1501484030224651,1.1160090000999379,1.0881263629416835,1.0679185622727945,1.0563918518528972,1.0525458050058865,1.0554409189183875,1.0637109695540135,1.075121657887873,1.0878309609023955,2
104,,,,,,,,,,,,,3.2380525571102905,3.26692065836841,3.2576284702700673,3.215055535732843,3.1420230889774237,3.0420330105177156,2.9194911216365,2.7792937612821356,2.626730094016543,2.467366730571609,2.3067860791429404,2.1502290248159723,2.002358908272384,1.8672465255184287,1.748176841276577,1.6473522560786948,1.5656849713975736,1.5027044707751822,1.4567613697134882,1.425356309105923,1.4055942868422242,1.3946199228982745,1.3897574959728962,1.3884817009194992,1.3884295181746669,1.3875927634055214,1.3844104913950424,1.3776742949431915,1.3663472728752104,1.3500501160235354,1.3294564493710705,1.306442139936217,1.2839659114300304,1.2654865709148924,1.2542084000319491,1.2521776422291824,1.2600000617823495,1.2767723909023139,1.2998946382766718,1.3249435311410234,1.3464283142037008,1.3589510037739339,1.3587689708102952,1.344148180231038,1.3157353621980579,1.2760078473515455,1.2282851063062867,1.1762540467725415,1.123840288638289,1.0737876167013625,1.0283327026627254,0.988954855217825,0.955913950472915,0.9291369586931091,2
160,,,,,,,,,,,,,,,,,6.515853432698624,6.066337839229187,5.610895614427476,5.16922621052694,4.746547482662694,4.342129091445772,4.010333512457674,3.731670620062962,3.488796884390687,3.2721584267428496,3.0764947451704527,2.89864185315709,2.7361253950898257,2.5863661999251217,2.44637751380509,2.3127340012087045,2.182239641301495,2.052663930525816,1.9231413383853626,1.7944395075672976,1.6687922688390093,1.549462425786391,1.4397869136951347,1.3425576517197142,1.259715931934832,1.1922127724891816,1.1401785061355474,1.1032806142299387,1.0809954705245426,1.0724320904340674,1.0763355942166122,1.0910421746885284,1.114502107276811,1.1439857517930547,1.1760470995592307,1.2067729036669477,1.2321784151048343,1.2490769435497784,1.2561916950602383,1.25431976219098,1.2453052494516765,1.2315918241641466,1.2157362270616816,1.2000259171752117,1.1863153500439318,1.1754056235020887,1.1677904470363454,1.1633002373788017,1.16076750291953,1.1590159823132171,3
532,,,,,,,,,,,,,,,,,,,6.387611035114843,5.909073027455415,5.4065004897766284,4.90271245460997,4.406981762270486,4.01046688059367,3.675025137098667,3.378006935516124,3.106554078793041,2.8532513951736465,2.614104139262639,2.3876397613500586,2.174267234298997,1.975679674923528,1.794199552078936,1.632282225849475,1.4917975132600403,1.373574332718688,1.2770757538656345,1.20038532484032,1.1402716087118077,1.0925340764548346,1.0527182858874748,1.016939998876281,0.9828366342411557,0.9501103186683918,0.9206074695124578,0.8975095275689611,0.8844390512845334,0.8845898713172088,0.9000689496510839,0.9314201853648514,0.9773269630576479,1.0347183137690115,1.0991825128629054,1.1659041839666313,1.2311297682349063,1.2923862483717548,1.3475529745583397,1.3952456251885552,1.4347935357420067,1.466104177378277,1.4894734495401396,1.5063093194797634,1.5175263301913573,1.523418652831209,1.5235188942387725,1.5183519504072391,4
236,,,,,,,,,,,,,,,,,,,,,,,,,,,,,,,2.1892453470849134,2.1223631496540953,2.04758909924348,1.9658995817549298,1.8783865537196773,1.7863418508274806,1.691119038898196,1.5941625565299762,1.4969917789002194,1.4015691452152952,1.3102799040130202,1.2261701603377653,1.1528682473862284,1.0940244451322045,1.0525149466256358,1.029674478089993,1.0249403357340674,1.035627998189566,1.0571312654091498,1.0834111657109,1.107629764805256,1.1222794616766472,1.1202190613304628,1.0956779806961074,1.0454912702238162,0.969430302440114,0.8712574356613647,0.7582100321514729,0.6390934720908845,0.5232885135611793,0.42035918539697603,0.33252000880441046,0.2624802768131313,0.21306652474485288,0.1862290958777897,0.18262917460786107,1
464,,,,,,,,,,,,,,,,,3.8751297761583015,3.640805030442323,3.4738875567654786,3.3218533682464635,3.1772103813145764,3.039168555943068,2.9084068955824507,2.785406352097528,2.670135947697755,2.5619926098182324,2.4598346505941056,2.361882120463198,2.265992578534874,2.1701459106342202,2.072852614545464,1.9735514034086807,1.8727051285266298,1.7716513703576893,1.6720373674863762,1.575505914698794,1.4835784997079755,1.3976707873353464,1.319036519731608,1.2487368986371827,1.1875490557593302,1.1360082667909468,1.094542368662272,1.0635584532729565,1.043409192228493,1.0340582517157968,1.034841118681405,1.044242603203643,1.0599892515685696,1.0792449291488915,1.0988040517441875,1.1152253573063202,1.1253315036206686,1.1268557481226051,1.1193248537576057,1.103986843219446,1.0832034894425506,1.0600784022240277,1.037698115778159,1.0187041489362785,1.0051335356777527,0.997206164433314,0.9950418857864831,0.9982459787891064,1.0054692581914477,1.015305532669719,2
268,,,,,,,,,,,,,,,,,,,,,,,2.5179899557763874,2.4972192879363,2.4699238713460483,2.4353477251756765,2.3925700147531486,2.3404450749146153,2.2777619516451577,2.2034236623909407,2.1169234632134333,2.018702059150331,1.9101912527516074,1.7936068212568723,1.6717672179157874,1.5478590356665516,1.4252053225312247,1.3071490837818864,1.1972109600323837,1.098992860296008,1.0162795456210836,0.9530900028594286,0.9133206241642832,0.8999477996496478,0.9142759501139186,0.9555626022268374,1.0208242917065997,1.1048139505649686,1.2004257859076704,1.2995709048870174,1.3938887990409223,1.4758436022995571,1.5398388605186535,1.5828965148506289,1.6053954203936442,1.6094605190187066,1.5980412786249119,1.5745298408514297,1.542405222565539,1.5052052765441202,1.4666576851085984,1.4291526379045194,1.3942312393674055,1.36241535927416,1.3328907732920579,1.3063023900424853,4
396,,,,,,,,,,,,,,,,,,,,,,,,,,,,,,,,,,1.6172671492907083,1.5901899471037564,1.5552749598267073,1.510967695945525,1.4561087723657002,1.3905270998139743,1.3151421463265827,1.2321219983439913,1.144905057208576,1.0576186227179722,0.9742349901424239,0.8979449538677831,0.8309926179022166,0.7746459667941612,0.72944471883421,0.6954339341278776,0.6722873204970661,0.6593053920596857,0.6556588232673547,0.6607654126333972,0.6743567004995075,0.6967730199268347,0.72802795585997,0.7669014360372546,0.8113840512026548,0.8592608939076185,0.9085985731825738,0.9578060404666285,1.0054086404871383,1.0502305070217275,1.091069149209253,1.1263674694386816,1.1560438320837074,3
120,,,,,,,,,,,,,,,,,,,,,,,,,,,,,,,,,,,,,,,,,,,,,,,,,,,,,,,,,,,1.275463572959119,1.2736162351001759,1.2633635191891828,1.2474288392393438,1.226356335047774,1.2003132582486764,1.1692705962680932,1.1337508158510565,3
172,,,,,,,,,,,,,,,,4.3007677789707826,4.158179776453022,3.969546229609483,3.7641252540294916,3.5873067318339507,3.42136376878623,3.2601497558956813,3.101795987977016,2.9463741939172485,2.794866470219199,2.648543251519074,2.508540794887161,2.37564526401646,2.250032121852437,2.1313334668218187,2.018899535760841,1.9121690652672203,1.8108355266424052,1.7149594869779832,1.6250203947265511,1.5416745417316735,1.4655074802720038,1.3967974410032435,1.33545407130936,1.280859094553189,1.2320589212669861,1.188096721270481,1.1482920838387185,1.1123475677831849,1.0803108495384868,1.0525273257209575,1.0293922916033833,1.0111617015268517,0.9977643643443302,0.9886978693251777,0.9829115604366556,0.97900906628784,0.9756609017804186,0.9720317620565072,0.9686601077677309,0.9666847743330049,0.9669064193764305,0.9697740129440069,0.9754621462250387,0.9841063630453962,0.9961034708264869,1.0107226761696726,1.0271878678755444,1.0443008651219738,1.0600758286605478,1.0739174848911872,2
545,,,,,,,,,,,,,,,,,,,2.47274811119184,2.4615300907266855,2.4484598449693444,2.434602310921594,2.421008253547805,2.407551035166272,2.3930050139246464,2.3754140111285307,2.352153031562778,2.3203659546343407,2.277380055370274,2.2211323753504972,2.1504999605932955,2.065736764243807,1.9686368470631184,1.8622079182446114,1.7502557889147583,1.6369072087311507,1.5261433971212086,1.4213927517826974,1.3254633609499815,1.2405403661515662,1.1680969844688809,1.1089007229295724,1.0631270624825888,1.0304386636588638,1.0099787439067274,1.000402262732549,0.999944698891691,1.0064210714881452,1.0173509877310931,1.0303151115003284,1.0433467281127722,1.0551472853675785,1.0651873801376313,1.0736789232315238,1.0816375972383172,1.0903744511401907,1.1005599365008807,1.1123346353675603,1.1253713146168043,1.1390179916014307,1.1525566229392625,1.1654767859966775,1.1772153161318168,1.1870933043712337,1.1941911689121922,1.198294987896021,3
450,,,,,,,,,,,,,,,2.6115100090204484,2.588031868229912,2.5561079012180605,2.517043591241021,2.4723317618670833,2.4230559070956055,2.3699167654627113,2.313329377132576,2.2537732643991304,2.1921815115774748,2.129936404623927,2.0687420910497885,2.010081096562353,1.9550139412228564,1.9040218084591656,1.857132247786925,1.8140630658067278,1.7743421628583411,1.737301887863271,1.702027066722934,1.6674886387737955,1.6326578906965497,1.5965735645283312,1.558192908278534,1.5163697240663374,1.4700617373041645,1.4186881687367108,1.3626541595318826,1.3037285487305852,1.2452626692264421,1.1918159425957924,1.1483309969743987,1.119250168174752,1.1076356307632638,1.1144718907422533,1.138160454993187,1.1745597048563636,1.2174734239229474,1.259555374350896,1.293395488848102,1.3132128562645815,1.3158767602067356,1.3010257216654608,1.270704146300401,1.2287514422404973,1.1802879716804653,1.1308876271811383,1.083453469192909,1.0404985334390437,1.0040469922440105,0.9751612405100931,0.9542723915361887,2
246,,,,,,,,,,,,,,,,,,,,,,,,,,,,,,,,,,,,,,,,,,,,,,,1.6752896233586179,1.7316002702149056,1.7843474913485142,1.8286865449015386,1.8598612148776685,1.8745470423224175,1.8717614705882213,1.8528470549240625,1.8217248227670446,1.7828255285436816,1.7398429937972073,1.6955990045682048,1.6522091831553378,1.6114962815309275,1.5751701727524692,1.5437828636076831,1.5170468390516099,1.4937513282276254,1.4715877926335574,1.4503203890224219,4
468,,,,,,,,,,,,,,,,,,,,,,,,,,,,,,,1.9486861903052277,1.896374896646945,1.8440228094273496,1.7929895925253299,1.7445154502617672,1.699442995489668,1.6580508919975556,1.6199420882299178,1.5843839736042193,1.5504978794156776,1.5172754879915922,1.4838011506255915,1.4493994582711458,1.4136715329304483,1.3763609749929107,1.3374345756635353,1.2971790831158014,1.2560834492012525,1.2147369450980146,1.1738693383986323,1.134160767421051,1.0961015052176968,1.0602232516541485,1.0276252286260006,1.000669187052475,0.9821468993242147,0.9736934957296587,0.9759559307953865,0.9885340038057359,1.0101922793250793,1.0392359932920754,1.0734174884574608,1.1105629772486902,1.1479752177581484,1.1822419229950754,1.2113666685621538,3
184,,,,,,,,,,,,,,5.646306347490991,5.32046977969826,4.9790275946651565,4.634470474074213,4.293002476085756,3.990792395849775,3.740819149078194,3.524197781277885,3.329976344322822,3.1511318879162564,2.9828549137659954,2.821747250888763,2.665559720307364,2.5131119224207463,2.3640833078631744,2.2187384381898974,2.0777425111560137,1.942180161012843,1.8135264339654948,1.6935589044972588,1.584207730752005,1.4873022387527737,1.404211886137685,1.3356251601847775,1.2815210580788965,1.2412428272677405,1.2135917370241267,1.1969196005739708,1.18923783715,1.1882520590889354,1.1914574055474796,1.1962921062208025,1.2003615174726434,1.2016086536543393,1.1985561236843303,1.1905323645196602,1.177793751733962,1.1615236052507287,1.1436402956909855,1.1265085914972603,1.1124450400381076,1.10373626706522,1.101756092217864,1.1064394244943514,1.1164999405223155,1.1298326389517401,1.1441079300775772,1.1573827333928601,1.1689194965928673,1.177986371866643,1.1838493312087068,1.185519904430848,1.1831972991876356,3
212,,,,,,,,,,,,,,,,,,,,,,,,,2.721720773246575,2.643966039641928,2.567286695655645,2.4916221590015613,2.416715976829225,2.341914428934017,2.266191010321271,2.188105074588707,2.1057980115439756,2.0172199074804147,1.920565092589116,1.8148577561141204,1.7003341815675361,1.578430591383343,1.4514829431700016,1.3224255844962325,1.1945688808256254,1.0716064381983077,0.9575592814763251,0.8565014998949825,0.7720084198549076,0.7067041140666627,0.6621531498453909,0.6389186707420995,0.6366092680058648,0.653731041297767,0.6875368492281664,0.7340674238216001,0.788643779693442,0.8465360367522888,0.9038108261474179,0.9576322942574556,1.005738415892283,1.0466137214694853,1.0794978689863834,1.1044953766713408,1.1225372343240352,1.1350928384086947,1.1433722990249773,1.1482158393157407,1.1498746686945953,1.148516930121594,3
566,,,,,,,,,,,,,,,,,,,,,2.805345689553824,2.7991496905221074,2.7795097352064375,2.746235362688323,2.6995102274159994,2.639834416402605,2.568063769855998,2.4855289451721894,2.394188601237509,2.2964994832439363,2.1952098969179654,2.0932210769158344,1.9932595646721927,1.8976194244143814,1.8080426142707333,1.7256625211364593,1.650941914997818,1.5836525467357692,1.5229467827735752,1.467590793156864,1.416189066458262,1.3674603592458106,1.3204264807234407,1.2744176057486665,1.229120817614551,1.1845693155672683,1.1411519630925455,1.0996220814604503,1.0610201795741454,1.0265044941120471,0.9971997697088326,0.9741026227348438,0.9581348927190328,0.9500726828245957,0.9508439738647239,0.9609432677976188,0.979680202448886,1.0055595194867493,1.036594293305698,1.0705606665351157,1.105227340793871,1.1391014827882215,1.1708065070967852,1.1989723814338271,1.2220189261563226,1.2396331558519915,3
198,,,,,,,,,,,,,,,,,,4.633058266950282,4.532639521420264,4.367173054668684,4.1528293595599735,3.9097859353155915,3.699986614769173,3.506566829412508,3.322512954610023,3.145161349910746,2.973834011424928,2.808688202038848,2.6501192399308153,2.4984848300150606,2.3540152878424823,2.2171488616275954,2.088938010410539,1.9713335655678477,1.8674498360102527,1.7817955294651993,1.7198098737675969,1.6864916965421335,1.6847764112748922,1.7143219396349176,1.770952181294351,1.8466663645359747,1.930339204702206,2.0089305301123876,2.068922757738049,2.0979698452750566,2.086739025038633,2.030376019494525,1.9291904719423842,1.7888885947743476,1.6203467368702504,1.4381815412829035,1.2581768970874259,1.0948035935300862,0.9599386618303105,0.8615057529352618,0.8025862563489523,0.7814814517495585,0.7921562561717997,0.8253518536935612,0.8706932793207666,0.9204782751305431,0.9688819181838433,1.0120904102903285,1.0476816333564398,1.0752585082374622,2
534,,,,,,,,,,,,,,,,,,,,,,,2.972296094379214,2.9513592264057187,2.910157804022171,2.8500817948525428,2.7731170221417822,2.6816064475348558,2.578187973350662,2.4657162254718097,2.347110621936198,2.2252979827225463,2.103267164569482,1.9840906685670807,1.8708668103113213,1.7665558635797807,1.673692428416011,1.5940851866131696,1.52866582912655,1.4774705890483835,1.4396135524257667,1.4132567994660095,1.3957863647246644,1.3841186090642597,1.3751057315688093,1.3659910279588925,1.354823132395198,1.340588658652413,1.3230553611547426,1.3025193000328077,1.2795778267151718,1.2549388880665677,1.2292854912015747,1.2033684079803695,1.1785137982063902,1.1561652479675217,1.137268553969061,1.122434932462122,1.1120735380630387,1.106403625309503,1.1054674678075864,1.1084762004110436,1.114707690810136,1.1231661841008886,1.1322631580015554,1.141208709520633,3
430,,,,,,,,,,,,,,,,,,4.522823845335475,4.347678550141524,4.164845111459077,3.9697554509425834,3.7776506558872684,3.6075042821436263,3.4438451810245403,3.280229768730463,3.1150380287801824,2.9491656091007856,2.784648609792992,2.623633413212579,2.4677657331013663,2.317832369437435,2.173766497504941,2.0348529971477194,1.8999902887941582,1.7683257271619746,1.6398433223039308,1.515693518576951,1.3981338502901237,1.2902005369661396,1.1951600217730352,1.115813923247968,1.0540608383795316,1.010553697161823,0.9843798896823096,0.9727608617082779,0.9715064565519097,0.9758251607970642,0.9812435263065309,0.9842762087666765,0.9826480264412325,0.9752083421786818,0.9614440156755572,0.9414598899607995,0.9161040303306304,0.8872407348510661,0.8574542677577331,0.8292413718453291,0.8047435948894993,0.7856711228993667,0.7734306833918771,0.7691614045942096,0.7719703103695842,0.7812662773879409,0.796224526845061,0.8152767959437953,0.8366072406924651,1
206,,,,,,,,,,,,,3.627243778440889,3.5972189534074746,3.5428212576620424,3.485126539169605,3.4180611142516497,3.3422068589138765,3.2591386200712162,3.1706829740467417,3.0783467086567793,2.983007196071714,2.884929040708592,2.784104333745943,2.6805356975610812,2.574395040628584,2.4661368687715175,2.356546642840718,2.246708543382431,2.137958179947624,2.0318199195416837,1.9299741614622183,1.8340782815991552,1.7454984667357911,1.665130559918265,1.5932152804389876,1.5293150777620361,1.47241431766289,1.421160592781689,1.3742016164200328,1.330486191391443,1.2894918255133543,1.2513288266328384,1.2165961796108888,1.1861670602221575,1.1609220599773942,1.1415537974422862,1.1284069534015007,1.1213610508278682,1.1198212545354804,1.1228592152283992,1.129506940757772,1.1390432262192856,1.1512382368281966,1.166537117803412,1.1857323206948842,1.208543427812636,1.2339992229851364,1.2606806886579385,1.2869553769312754,1.311305298262345,1.3332423386208974,1.3520680935986586,1.3667588731997218,1.3759735946334677,1.379149449131956,4
416,,,,,,,,,,,,,,,,,,,,3.3725155354014262,3.2582628840437384,3.1470087597798297,3.0376495830358166,2.929743008249764,2.822857297018348,2.716677355617087,2.6107882338644686,2.5045750400536746,2.397363596702346,2.2887123225338137,2.17861848007465,2.067645852815944,1.9567572187851618,1.8469939212510291,1.7390975342288961,1.633211448612928,1.5291665668342302,1.426981363122069,1.3275614952505153,1.2332040046465431,1.1474411958041666,1.0743855544800065,1.0177723135322054,0.9802337575787523,0.9627099122343551,0.9638834949869598,0.979968289804103,1.0051605205004714,1.0325950642900055,1.0557780730186248,1.0700197256512143,1.0732567769245698,1.0659510639792626,1.0502997923717134,1.029562817131605,1.007244656236288,0.9863095869470988,0.9683786656291474,0.9535462176956563,0.940744971367989,0.9286503303199011,0.9170044385492385,0.9053428651988413,0.8930993460979725,0.8794449137866797,0.8635363104779584,1
538,,,,,,,,,,,,,,,,,,,,,2.9162996890699087,2.932033416352404,2.923989228748202,2.894676053373729,2.8478052696898617,2.787222057448528,2.7159651584934483,2.6357145706100176,2.5468477635608253,2.4489796920221,2.341693008987175,2.225289065855346,2.10128269622609,1.9723328835952552,1.8417994963150113,1.713231024943009,1.589907677680278,1.4745582168986955,1.3692304039835046,1.2753435382171214,1.1936972890820159,1.1245525516054564,1.067835079572612,1.0232907918506275,0.9904359997996905,0.9681762832201845,0.954715716031496,0.9475496356579314,0.9440002828500105,0.9418750833607555,0.9399959446915025,0.9383235394544707,0.937548393712522,0.9387968759121552,0.9433282799579997,0.952244170470316,0.9656633528535722,0.9825605976968944,1.0007984730104698,1.0177261345510868,1.0311877756095487,1.040780259520085,1.0462940460183454,1.0476135946263174,1.0446174451628032,1.0372864590215387,2
440,,,,,,,,,,,,,,,2.514780725516713,2.5249972173065727,2.5324734068752486,2.536212911906437,2.534950741323669,2.5270680192592634,2.510464171942571,2.4827473578581523,2.4415291971305595,2.385162368212755,2.3133570641954186,2.227471180139035,2.1303124048407174,2.0256177158147755,1.9175611385502953,1.810297234557189,1.7076887724472942,1.6128152750909235,1.5278217074708644,1.4536478810154425,1.3900035259774914,1.335555307377039,1.2884677306018482,1.2468782646505818,1.2089931823723663,1.1733222862702344,1.138839044095628,1.105183481958176,1.0725018485722575,1.041467490251522,1.0129945777854212,0.9878309610207752,0.9663068944008838,0.9484036184808351,0.9339571412723143,0.9226770126502035,0.9142623937610134,0.9084646730003423,0.9052144461922412,0.904641808293489,0.9076902368658931,0.9155023871070195,0.9284789863315199,0.9464073285714165,0.968603477833757,0.994148931793298,1.0220427154623752,1.0509406229275924,1.0797096631147514,1.107156671422194,1.1316635999787839,1.1528254330820333,3
276,,,,,,,,,,,,,,,,,,,,,,,2.6776745806329934,2.6716230548295794,2.6627993363236935,2.649888349417859,2.631510694435744,2.606312575476093,2.573053493880378,2.53063287799899,2.4781487919527354,2.415193968494926,2.3420506269086947,2.2597878524581447,2.170345320530517,2.07644503476798,1.981277603989973,1.8880978499316772,1.7997535695113867,1.7182856579066268,1.6446743919411608,1.578852351532528,1.519898373399565,1.4662101037010618,1.4158726773465768,1.3671017283622395,1.3186856739663222,1.2702183447075404,1.2221503369419138,1.1755809711242509,1.1318169859985678,1.092009687145102,1.0569770283795041,1.0272421734579589,1.0033793360610015,0.9857365624515576,0.9741032040673036,0.9679087053917497,0.9664317179672557,0.9689923978864666,0.9751250206436686,0.9838911087127661,0.9945903614771721,1.006444552511608,1.018297996733546,1.0296017439774425,2
146,,,,,,,,,,,,,,,,,,,,,,,,,,,,,,,,2.445776551719883,2.4086001391066185,2.361467576340602,2.3048325773234004,2.239749531917566,2.1675827403532777,2.089864557241614,2.0080634611030397,1.923607448714273,1.8377304115243283,1.7514299150417023,1.6653592386760045,1.5797608902929277,1.4944598616689453,1.409064109903215,1.323186551546535,1.236536510567305,1.1490679823011234,1.0610471692662895,0.973176848144531,0.8865889436557999,0.802889237981777,0.7241839069542908,0.6535789745421866,0.5943478931235757,0.5491892946974681,0.520082534566347,0.5081697271137549,0.5136470578812907,0.5357210102406492,0.5703768408832041,0.6145196637340926,0.6653226651800128,0.7195700764431304,0.7752714759473008,1
273,,,,,,,,,,,,,,,,,,,,2.5953623497516793,2.557271846144383,2.5145048809568995,2.4694579035889914,2.423685561579526,2.3776062178394444,2.330502950506048,2.2809304248044127,2.2273069558376744,2.1686223262347917,2.1047759642218193,2.0367061301853937,1.9660780925784096,1.8948465087363418,1.8247903180687695,1.7572388820426506,1.6926635727256274,1.6305650131976641,1.5697077637795611,1.5086684155391286,1.4464307037391644,1.3825875405556987,1.3174515969865634,1.251786893182948,1.1867416549552834,1.1238329438457062,1.065223435280835,1.0137745092374033,0.972569487055131,0.9441027838405497,0.9296670137450745,0.9292305664356518,0.9413173580302423,0.9630672746291641,0.9904594101651661,1.019106067316811,1.0450107044672257,1.0647826155153326,1.0765072067186243,1.080140538040145,1.0772542937222205,1.0704436438606193,1.0614341270359007,1.0519437658646358,1.043377968116052,1.0364592585927421,1.0315490391714766,2
192,,,,,,,,,,,,,,,,2.628099716765147,2.575992953176885,2.5138847136820877,2.44495261939276,2.373540780437919,2.304147487085883,2.2408408573433456,2.186415062632554,2.1418663263429383,2.1061924690410034,2.076509782833334,2.048875751235845,2.0192493613707843,1.9845169732357588,1.9428763670791545,1.8937872446274815,1.8375159958516494,1.7749119698114288,1.7072332263670793,1.636009298203121,1.5626713801582135,1.4883066591699237,1.4136262387062979,1.3391632279471708,1.2657808428303254,1.1949372563867902,1.128707736431154,1.06925570342341,1.0185407215895443,0.9781577567609149,0.9493968942531159,0.9331213191922393,0.9294103597046675,0.937208164131418,0.954344301335535,0.977925134748056,1.0049059431347194,1.0326449548105634,1.0591786868017612,1.0837504287593802,1.1063555096386863,1.127081200064572,1.1463444257798174,1.1646610059357834,1.1823014992912182,1.199261607412231,1.215549975295712,1.2309234790539412,1.2447038268694144,1.2556561310771048,1.2633502234334126,3
314,,,,,,,,,,,,,,,,,,,,,,,,2.3906876766028944,2.349394308119727,2.299213802371905,2.2398264754319714,2.171068682163226,2.093125553993198,2.0066413981280617,1.9128441519357329,1.8133199377843725,1.7096606243661616,1.602964199341198,1.493952385372634,1.3831961074036208,1.2715488948602323,1.16074269906682,1.0535298127019253,0.9536030553888777,0.8650305561600228,0.7919705280519673,0.7380947803384486,0.7058980857441551,0.6959917296381001,0.7069478567345491,0.7354012593239083,0.7765210908652185,0.8250579825629205,0.8760318487983909,0.9255942900184113,0.9712754741685377,1.0123809404471018,1.049878354639245,1.0863474659580692,1.1244336311132601,1.1652406031754654,1.2087984963353573,1.2542792275359522,1.300290697533496,1.3448554136026545,1.386834000064121,1.4247004154933272,1.4565669215675152,1.4803192032062842,1.49606637773086,4
400,,,,,,,,,,,,,3.0954009318656994,3.0893379624268804,3.069191719972885,3.0340826483266934,2.9840749072074333,2.920737799453398,2.847141234377942,2.7671182128173872,2.6848324781312587,2.6039605126313483,2.526949467028633,2.454654180705118,2.3863710712407933,2.3200903592377173,2.2527792247869614,2.1810242449061987,2.101975369395058,2.0143623951803202,1.9188306107320805,1.8177736512079397,1.714621556533385,1.612836842454329,1.5152290214275401,1.4238229945994088,1.3401457558270125,1.2654152604800986,1.2004369318216659,1.145887894117798,1.102482683999108,1.071118983755354,1.0528198367650452,1.0483150774351375,1.057286235420237,1.0777524726214027,1.1063035363359293,1.1392099339838104,1.1736710098418668,1.2082153060651306,1.2427408459091822,1.2778692375961116,1.3143166990433783,1.3523936258288187,1.3920098689420857,1.432140394026893,1.4705912180606966,1.5039544290931781,1.5282027475879878,1.5397234764965901,1.5362168056335843,1.5203826566867444,1.4945029492041464,1.4605504157091698,1.4198244865225087,1.3735138386142594,4
108,,,,,,,,,,,,,,,,,,,,,,,,,,,,,,,,,,,,1.7740415611689861,1.714246924380923,1.6578230052307106,1.6080948550448326,1.5681326579022719,1.540254595654043,1.5258486059547385,1.5249871049614994,1.5365116904011937,1.5583850894065367,1.5879165044967325,1.622272570611067,1.6588609930572824,1.6957285209003252,1.7315151934869024,1.7652391786953063,1.7959823360576515,1.8227798357995462,1.8446322226532124,1.8609125899529413,1.8711447251887252,1.874496424018459,1.8701503829641855,1.8574207746913765,1.8359937614177415,1.8062420514796471,1.770763049337268,1.7313678870627236,1.689212833844541,1.6447224346645384,1.5988003687309686,4
288,,,,,,,,,,,,,,,2.603424823631635,2.6659790371721246,2.7200086859570094,2.7642372912432083,2.7980216689833206,2.820519301368528,2.830719855201178,2.827626812821395,2.810652709038409,2.779731418719365,2.7358815810785586,2.681398438029623,2.619347583116298,2.5530846630708197,2.485638455009886,2.4191828463208207,2.354576170626635,2.2912388554498353,2.2273171598457733,2.1601251779333697,2.086757034535953,2.00473672301812,1.912777560203057,1.8112224138671202,1.702248898470018,1.5895742314399572,1.477820355208702,1.371686124722482,1.275073703114515,1.1905034153377378,1.1188885260032346,1.05977115948308,1.0117944405574788,0.973348869925164,0.9431001964303781,0.9203471985773902,0.9050700633681296,0.8977001933073093,0.8987124973318283,0.9081080362698295,0.9252510054112878,0.9483654763088523,0.9747721084154086,1.0012425662161093,1.0246358010425207,1.0425040539745396,1.0536275205616619,1.0586950180955914,1.0583732270180215,1.0533114817332392,1.0440001204557883,1.0314548845955656,2
154,,,,,,,,,,,,,,,,,,,,,,,,,,,,,,,,,2.1797259291742224,2.136900342546339,2.0882436062171856,2.0350242041239426,1.978048806973435,1.9176324996812633,1.853514539813795,1.7851917913699955,1.7120854471735238,1.6338579362577932,1.5507727238015223,1.4637506813898764,1.374444416544905,1.2850517694675083,1.1983440233754632,1.1172554952443428,1.044452536658264,0.9819717729422066,0.930966108946979,0.8915886269609274,0.8630537261234437,0.8441454401275916,0.8337134398054477,0.8310747168064546,0.8350745853159391,0.8443814074679798,0.8576543907111273,0.8737003433780305,0.8919771900669698,0.9115999296584204,0.9319616669684516,0.9522475470541858,0.9711494915794694,0.9872990783842952,2
352,,,,,,,,,,,,,,,,,,,,,,,,,,,2.581884401001859,2.511492800149843,2.4297255946840832,2.337764816368234,2.238383500454323,2.1351106399391497,2.0317459798086452,1.9320597730097058,1.8393353753758248,1.7559625374470922,1.683172594979701,1.6207599417791283,1.5670076929565222,1.5189837571102522,1.4733990859563384,1.4272697142808024,1.3781577616153302,1.324271912592458,1.2646327173645848,1.1989938395155764,1.127674816245158,1.0516150188804614,0.97233914869024,0.8916955419157365,0.8117266904672249,0.7351026354645597,0.665292574374041,0.6062143059048822,0.5618811289897016,0.5354157583696247,0.5282986088286146,0.5398558946937634,0.5673913362509946,0.6066465273406264,0.6524582534536228,0.7011149269185779,0.7490516803493398,0.7929189193818996,0.8295900330840444,0.8571850649700404,1
346,,,,,,,,,,,,,,,,,,,,,,,,,,,,,,,,,,,,,,,,,,,,,,,,,,,,,,,,,1.4247495553393261,1.4514124532260213,1.4734909782940535,1.4890030074373528,1.4966858776427994,1.498037115534823,1.4935429081991405,1.4832982518651543,1.4667905177934275,1.445318334220448,4
365,,,,,,,,,,,,,,,,,,,,,,,,,,,,,,,2.349600015115393,2.255751832319964,2.160722872968116,2.065892395265723,1.97233297378579,1.8805831550557013,1.7906483081368938,1.7019881566698836,1.614033998325001,1.5265104477170495,1.439602807871944,1.353967903242537,1.2707449425295676,1.191409805195423,1.1172851218377418,1.0492956667699398,0.9880307133809102,0.933816133072581,0.8866762338788072,0.8465194814691683,0.8131697750056502,0.7864253226453838,0.7659848720355785,0.7515189270845886,0.743093009097962,0.7407489783646944,0.7441028847486723,0.7522756225270704,0.7640345105116042,0.7781835959854824,0.7940279828080392,0.8107079821813468,0.8276746599436934,0.84434744345161,0.8596939491619295,0.8730556659872513,1
482,,,,,,,,,,,,,,3.10339504963132,3.112809275389155,3.1061526451019854,3.0840275045988412,3.0467569402836645,2.9947552017997427,2.9291150451329484,2.851806670449601,2.765621474529806,2.673727847016649,2.579156091242504,2.484354982318124,2.390939771092478,2.2997762105505792,2.2111388802581398,2.124628093087239,2.0392097073514663,1.9533651635356888,1.865581791043716,1.7750307229329536,1.6821141708052192,1.5886789228652403,1.4976624182568234,1.412325580194524,1.335647255318733,1.2699607518301035,1.2168500716691355,1.1771175351876515,1.1506207238295136,1.1362752250700894,1.1321234265539546,1.1356558550178497,1.1443004104464498,1.1557949796222093,1.168272440921174,1.1801389070590858,1.1899776726400573,1.196610176634584,1.1992056612736484,1.1973392231733382,1.1910791569982162,1.181295274641578,1.1691765654858823,1.1558503595730598,1.1423219356265673,1.1294642154504466,1.1179454038682632,1.1082883629310019,1.100606954989278,1.0948952594348373,1.090866665604247,1.0876935363166083,1.085017689307415,2
277,,,,,,,,,,,,,,,,,,,,,,,,,,,,,,,,,,,,2.1216187483725277,2.1196897861121435,2.117992852734757,2.1154244914931435,2.1108910223415562,2.103516985035732,2.0924785938953017,2.0766017360275892,2.053826898275331,2.0216727981872396,1.9780747234481755,1.9219596294120471,1.853420143121721,1.7735767972590686,1.6845185718014655,1.589009771975108,1.4905717251112147,1.3935141390177663,1.302546712434092,1.2220812058281534,1.156191907232006,1.1066807101618845,1.073451329326509,1.0550827697728244,1.0495051133040214,1.0545864826986375,1.0673150996167495,1.0848988581832009,1.1046366107524686,1.1238683851962934,1.1400511634752877,3
500,2.8171194805683983,2.8425993633215234,2.8611606270720453,2.8735728371739007,2.8799520058278656,2.8791823476266463,2.8688979747569,2.846253008363312,2.80928173227066,2.757784455379189,2.6934531529073515,2.6192306985433564,2.538638143726376,2.455346329837819,2.3727085605355684,2.2935074753011664,2.219720847959685,2.1523579888047406,2.0914648945034187,2.036241664915038,1.9852819409486728,1.9367951943324715,1.8889041090645202,1.8398738590536572,1.78848152209842,1.734224710171852,1.6773439717731515,1.6186877444585046,1.5593006999363939,1.500195711987083,1.4420502720352444,1.3850807435115873,1.329053931105785,1.2733898369369674,1.2173715764979434,1.1604238702040746,1.1024207149798988,1.0439543857903297,0.9864252692073966,0.9318623228259975,0.8826495301086907,0.8409973515908115,0.808495469979389,0.7857576292865982,0.7723360807095261,0.766794862543589,0.7671038824011018,0.771035328385796,0.7766360100147894,0.7825503634148444,0.7881143316204975,0.7933583149953444,0.7987208042637949,0.8049017555520693,0.8129475049277961,0.8240004640789602,0.8384283030254318,0.8560827368640197,0.8764839673516447,0.8990813509085807,0.9234837879217063,0.9487035039453598,0.9741091295781023,0.9990305479066871,1.0224191110493326,1.043621383919552,2
267,,,,,,,,,,,,,,,,,,,,,,,,,,,,,,,,,,,,,,,,2.07069945173428,2.1006384182327347,2.133248658417824,2.1666033755449368,2.1986156054055415,2.2274342028070087,2.2514684045279862,2.2689522870311962,2.277948610139799,2.276373657025594,2.2622710156331403,2.234002658250148,2.190818937085793,2.1334219051911147,2.0639712200930713,1.986361674749508,1.9051741534699758,1.8246033685138008,1.7480536366961552,1.6779016331621492,1.6154752790980127,1.5611815153537636,1.514861531146955,1.4758019683762522,1.4427325818722434,1.4136213279016479,1.3873028608501428,4
118,,,,,,,,,,,,,,,,,,,,,,,,,,,,,,,,,,,,,,,,,,,,,,,,,,,,,,,,,,,,,1.7565367635354374,1.7481609527518425,1.7354141025725451,1.7176696924249484,1.6940556427793017,1.6650550230152306,4
357,,,,,,,,,,,,,,,,,,2.7574107552303704,2.7046784685973364,2.642618002371637,2.5707583772286826,2.488442283231156,2.3950349159794913,2.2905295716925678,2.1760210702672786,2.053849360657502,1.9273510118745356,1.8003880987588214,1.6765919686199533,1.55895879533511,1.4496685839738221,1.3500111407337507,1.2603785434496462,1.180295726419748,1.108644504378924,1.0438771910449656,0.984371405338091,0.9288570388230192,0.8768627355752868,0.8289247103117665,0.786825170659462,0.7535815673552497,0.7329646299422631,0.7286944104034162,0.7435617032828955,0.7786708686653396,0.8328689331457103,0.9026419236435894,0.9825532456425079,1.0660107756025081,1.1462498538960013,1.2175172256142794,1.2760980921010792,1.3206494068378474,1.3523619846812622,1.373889140960545,1.3879832549178772,1.3970046968053038,1.402551377868653,1.4054786591989648,1.4060214619690832,1.4049197063035646,1.4023298057041451,1.3979251870134195,1.3907636305130324,1.3807315236497812,4
376,,,,,,,,,,,,,,9.097340277320203,8.507126219437113,7.886794452847897,7.222771291259027,6.54040260334654,5.862306873556744,5.205673764954424,4.625333858336303,4.151448928914329,3.75580948967878,3.4201218094335584,3.1317735823175754,2.881757807329297,2.6634342255582797,2.4716315239289726,2.302113181625208,2.1512211160497308,2.0157476175713733,1.8927930005691576,1.7799861992145893,1.6755549694910277,1.57833285646826,1.4877448857172229,1.4036495982404966,1.3263058582808005,1.2561492075322522,1.1937061125453978,1.139441761190876,1.0936493222750223,1.0563633590701815,1.0274018735373134,1.0064440460780464,0.9931265326456992,0.9872012484805802,0.9884713146828314,0.9967139194915794,1.011509688885365,1.032111706944577,1.057329746530633,1.085532734243545,1.114861177679443,1.1437880669676468,1.1710667302366655,1.1953413752299216,1.2154607300232354,1.230638878184884,1.2405382522220687,1.24544555715063,1.246517867086118,1.244657480708739,1.2403530056688323,1.2334444177012567,1.2240971558159681,3
